exon,cell,RBP,samp,dPSI,chr,start,end,strand,Number duplicates,asb_RBP,asb_SNV ID,asb_Chr,asb_Coordinate,asb_strand,asb_Read counts,asb_Major allele,asb_Minor allele,asb_P value,asb_FDR
chr1:145112373:145112519:+,HepG2,BCLAF1,ASB,-7.1,chr1,145112373,145112519,+,1,BCLAF1,chr1_145112414_+,chr1,145112414,+,"A:0,C:11,G:0,T:0,_A:0,C:13,G:0,T:0,",C,T,7.1216460184471e-05,0.00556564497555284
chr1:145112373:145112519:+,HepG2,BCLAF1,ASB,-7.1,chr1,145112373,145112519,+,1,BCLAF1,chr1_145112420_+,chr1,145112420,+,"A:0,C:12,G:0,T:0,_A:0,C:14,G:0,T:0,",C,T,4.15004403421471e-05,0.00417608115053681
chr1:145112373:145112519:+,HepG2,BCLAF1,ASB,-7.1,chr1,145112373,145112519,+,1,BCLAF1,chr1_145112428_+,chr1,145112428,+,"A:0,C:0,G:0,T:9,_A:0,C:0,G:0,T:14,",T,C,0.000116723952097287,0.00705467186843477
chr1:145112373:145112519:+,HepG2,BCLAF1,ASB,-7.1,chr1,145112373,145112519,+,1,BCLAF1,chr1_145112485_+,chr1,145112485,+,"A:0,C:0,G:0,T:19,_A:0,C:0,G:0,T:20,",T,C,7.74421643104407e-06,0.00125140732372043
chr1:183105521:183105720:+,HepG2,BCLAF1,ASB,1.1,chr1,183105521,183105720,+,1,BCLAF1,chr1_183105534_+,chr1,183105534,+,"A:0,C:8,G:0,T:19,_A:0,C:18,G:0,T:28,",T,C,0.0152962167434863,0.0745036406175417
chr1:236979749:236979843:+,HepG2,BCLAF1,ASB,-7.2,chr1,236979749,236979843,+,1,BCLAF1,chr1_236979843_+,chr1,236979843,+,"A:0,C:0,G:16,T:0,_A:2,C:0,G:29,T:0,",G,A,1.65261663789271e-05,0.00214326475384658
chr1:110301146:110301285:-,HepG2,BCLAF1,ASB,-7.4,chr1,110301146,110301285,-,1,BCLAF1,chr1_110301260_-,chr1,110301260,-,"A:0,C:2,G:0,T:14,_A:0,C:3,G:0,T:2,",T,C,0.00791977165542273,0.0556201924857201
chr2:228398265:228398474:+,HepG2,BCLAF1,ASB,0.2,chr2,228398265,228398474,+,1,BCLAF1,chr2_228398422_+,chr2,228398422,+,"A:10,C:0,G:3,T:0,_A:12,C:0,G:4,T:0,",A,G,0.00871654205331158,0.0579659116028836
chr2:58388657:58388773:-,HepG2,BCLAF1,ASB,10.4,chr2,58388657,58388773,-,1,BCLAF1,chr2_58388696_-,chr2,58388696,-,"A:13,C:0,G:2,T:0,_A:29,C:0,G:9,T:0,",A,G,0.000548998043219533,0.0161543653830974
chr2:88879036:88879158:-,HepG2,BCLAF1,ASB,8.8,chr2,88879036,88879158,-,1,BCLAF1,chr2_88879131_-,chr2,88879131,-,"A:0,C:2,G:0,T:6,_A:0,C:3,G:0,T:11,",T,C,0.0211724003135058,0.0877239296070414
chr2:88913242:88913371:-,HepG2,BCLAF1,ASB,13.4,chr2,88913242,88913371,-,1,BCLAF1,chr2_88913273_-,chr2,88913273,-,"A:0,C:5,G:1,T:0,_A:0,C:14,G:5,T:0,",C,G,0.0176880646434582,0.0800021903330591
chr2:160239070:160239313:-,HepG2,BCLAF1,ASB,-17.8,chr2,160239070,160239313,-,1,BCLAF1,chr2_160239112_-,chr2,160239112,-,"A:0,C:4,G:0,T:6,_A:0,C:2,G:0,T:16,",T,C,0.0135126532847672,0.0702915360991995
chr2:166897741:166897979:-,HepG2,BCLAF1,ASB,7.8,chr2,166897741,166897979,-,1,BCLAF1,chr2_166897864_-,chr2,166897864,-,"A:18,C:0,G:5,T:0,_A:22,C:0,G:8,T:0,",A,G,0.000778664493272726,0.0192723644111536
chr2:167099012:167099166:-,HepG2,BCLAF1,ASB,-5.2,chr2,167099012,167099166,-,1,BCLAF1,chr2_167099158_-,chr2,167099158,-,"A:14,C:0,G:6,T:0,_A:31,C:0,G:10,T:0,",A,G,0.00440133211181335,0.0426011464180986
chr2:186904227:186904282:-,HepG2,BCLAF1,ASB,8.6,chr2,186904227,186904282,-,1,BCLAF1,chr2_186904257_-,chr2,186904257,-,"A:0,C:4,G:0,T:7,_A:0,C:4,G:0,T:20,",T,C,0.00746851750755414,0.0542215282378622
chr3:105266234:105266367:+,HepG2,BCLAF1,ASB,-7.9,chr3,105266234,105266367,+,1,BCLAF1,chr3_105266331_+,chr3,105266331,+,"A:6,C:0,G:2,T:0,_A:21,C:0,G:9,T:0,",A,G,0.0168210178488776,0.0780264443626997
chr3:184046419:184046544:+,HepG2,BCLAF1,ASB,-4.6,chr3,184046419,184046544,+,1,BCLAF1,chr3_184046470_+,chr3,184046470,+,"A:0,C:5,G:0,T:11,_A:0,C:15,G:0,T:26,",T,C,0.0219512566862997,0.0894004419519466
chr3:187446838:187447809:-,HepG2,BCLAF1,ASB,3.4,chr3,187446838,187447809,-,1,BCLAF1,chr3_187447002_-,chr3,187447002,-,"A:0,C:11,G:3,T:0,_A:0,C:26,G:3,T:0,",C,G,0.000261291834076446,0.0107243911719478
chr4:74285224:74285356:+,HepG2,BCLAF1,ASB,-8.3,chr4,74285224,74285356,+,1,BCLAF1,chr4_74285239_+,chr4,74285239,+,"A:3,C:634,G:1,T:584,_A:2,C:1059,G:2,T:996,",C,T,0.00765786372400119,0.0548154272106685
chr4:47901387:47901565:-,HepG2,BCLAF1,ASB,5.0,chr4,47901387,47901565,-,1,BCLAF1,chr4_47901476_-,chr4,47901476,-,"A:2,C:0,G:7,T:0,_A:7,C:0,G:17,T:0,",G,A,0.0221048784815708,0.0897289079417007
chr4:68534269:68534392:-,HepG2,BCLAF1,ASB,-13.3,chr4,68534269,68534392,-,1,BCLAF1,chr4_68534392_-,chr4,68534392,-,"A:0,C:11,G:0,T:2,_A:0,C:6,G:0,T:2,",C,T,0.00623134458504664,0.0500480743888111
chr4:187538159:187538355:-,HepG2,BCLAF1,ASB,8.6,chr4,187538159,187538355,-,1,BCLAF1,chr4_187538330_-,chr4,187538330,-,"A:3,C:0,G:15,T:0,_A:12,C:0,G:23,T:0,",G,A,0.00412056910528309,0.041283774127228
chr5:95091100:95091465:+,HepG2,BCLAF1,ASB,-3.6,chr5,95091100,95091465,+,1,BCLAF1,chr5_95091194_+,chr5,95091194,+,"A:0,C:12,G:0,T:1,_A:0,C:16,G:0,T:4,",C,T,0.000415474823173175,0.0138908094763321
chr5:137892141:137892281:-,HepG2,BCLAF1,ASB,0.2,chr5,137892141,137892281,-,1,BCLAF1,chr5_137892170_-,chr5,137892170,-,"A:22,C:0,G:31,T:0,_A:12,C:0,G:38,T:0,",G,A,0.011910966997674,0.0663915597444194
chr6:168343809:168343871:+,HepG2,BCLAF1,ASB,-11.5,chr6,168343809,168343871,+,1,BCLAF1,chr6_168343838_+,chr6,168343838,+,"A:0,C:11,G:0,T:31,_A:0,C:16,G:0,T:34,",T,C,0.0101052122577026,0.0617771419935816
chr6:170878700:170878867:+,HepG2,BCLAF1,ASB,4.2,chr6,170878700,170878867,+,1,BCLAF1,chr6_170878793_+,chr6,170878793,+,"A:0,C:2,G:0,T:8,_A:0,C:4,G:0,T:14,",T,C,0.00537997144140621,0.0468073095121735
chr6:18256592:18256686:-,HepG2,BCLAF1,ASB,5.6,chr6,18256592,18256686,-,1,BCLAF1,chr6_18256625_-,chr6,18256625,-,"A:17,C:0,G:7,T:0,_A:21,C:0,G:8,T:0,",A,G,0.00712044826368886,0.0531012630581917
chr6:25916913:25917074:-,HepG2,BCLAF1,ASB,12.9,chr6,25916913,25917074,-,1,BCLAF1,chr6_25916979_-,chr6,25916979,-,"A:0,C:3,G:0,T:0,_A:0,C:15,G:0,T:5,",C,T,0.0166982467909428,0.0777450504222883
chr6:170033043:170033164:-,HepG2,BCLAF1,ASB,12.5,chr6,170033043,170033164,-,1,BCLAF1,chr6_170033133_-,chr6,170033133,-,"A:0,C:3,G:7,T:0,_A:0,C:3,G:14,T:0,",G,C,0.0119489093582907,0.0664856399293815
chr6:170070665:170070789:-,HepG2,BCLAF1,ASB,6.9,chr6,170070665,170070789,-,1,BCLAF1,chr6_170070723_-,chr6,170070723,-,"A:12,C:0,G:4,T:0,_A:19,C:0,G:5,T:0,",A,G,0.00112292500785252,0.0228141840964436
chr7:76990141:76990218:-,HepG2,BCLAF1,ASB,0.0,chr7,76990141,76990218,-,1,BCLAF1,chr7_76990178_-,chr7,76990178,-,"A:0,C:14,G:4,T:0,_A:0,C:14,G:7,T:0,",C,G,0.0157143825102909,0.075475970934156
chr7:76991900:76991977:-,HepG2,BCLAF1,ASB,0.0,chr7,76991900,76991977,-,1,BCLAF1,chr7_76991935_-,chr7,76991935,-,"A:0,C:14,G:0,T:3,_A:0,C:21,G:0,T:12,",C,T,0.00622562125251243,0.0500274147461714
chr7:151949024:151949175:-,HepG2,BCLAF1,ASB,-6.4,chr7,151949024,151949175,-,1,BCLAF1,chr7_151949068_-,chr7,151949068,-,"A:0,C:13,G:2,T:0,_A:0,C:19,G:5,T:0,",C,G,0.000457941259107173,0.0146546584942596
chr10:21827762:21827841:+,HepG2,BCLAF1,ASB,0.0,chr10,21827762,21827841,+,1,BCLAF1,chr10_21827796_+,chr10,21827796,+,"A:9,C:0,G:34,T:0,_A:13,C:0,G:49,T:0,",G,A,0.00270842764494704,0.0337970063705293
chr10:122624559:122624724:+,HepG2,BCLAF1,ASB,-11.7,chr10,122624559,122624724,+,1,BCLAF1,chr10_122624679_+,chr10,122624679,+,"A:4,C:0,G:10,T:0,_A:0,C:0,G:9,T:0,",G,A,0.00701973338541248,0.0527698184169165
chr10:128830401:128830584:+,HepG2,BCLAF1,ASB,-2.0,chr10,128830401,128830584,+,1,BCLAF1,chr10_128830409_+,chr10,128830409,+,"A:6,C:0,G:19,T:0,_A:11,C:0,G:16,T:0,",G,A,0.0130782063804765,0.0692465870737319
chr12:51089631:51089750:+,HepG2,BCLAF1,ASB,-2.9,chr12,51089631,51089750,+,1,BCLAF1,chr12_51089734_+,chr12,51089734,+,"A:10,C:0,G:0,T:1,_A:12,C:0,G:0,T:8,",A,T,0.0120302308960701,0.0666869601193705
chr12:53433414:53433486:+,HepG2,BCLAF1,ASB,-1.7,chr12,53433414,53433486,+,1,BCLAF1,chr12_53433486_+,chr12,53433486,+,"A:0,C:19,G:0,T:3,_A:0,C:14,G:0,T:4,",C,T,0.000292952730833749,0.011428434400662
chr13:41532972:41533152:-,HepG2,BCLAF1,ASB,-11.0,chr13,41532972,41533152,-,1,BCLAF1,chr13_41533052_-,chr13,41533052,-,"A:0,C:6,G:0,T:4,_A:0,C:13,G:0,T:1,",C,T,0.020373507174113,0.0859852769385457
chr14:21829005:21829131:-,HepG2,BCLAF1,ASB,-1.5,chr14,21829005,21829131,-,1,BCLAF1,chr14_21829129_-,chr14,21829129,-,"A:0,C:27,G:6,T:0,_A:0,C:40,G:5,T:0,",C,G,0.000379221619567362,0.0132035458130117
chr15:25317872:25318010:+,HepG2,BCLAF1,ASB,-9.7,chr15,25317872,25318010,+,1,BCLAF1,chr15_25317988_+,chr15,25317988,+,"A:13,C:0,G:0,T:0,_A:32,C:0,G:0,T:0,",A,G,7.74421643104407e-06,0.00125140732372043
chr16:19547262:19548909:+,HepG2,BCLAF1,ASB,6.9,chr16,19547262,19548909,+,1,BCLAF1,chr16_19548461_+,chr16,19548461,+,"A:0,C:7,G:0,T:1,_A:0,C:14,G:0,T:3,",C,T,0.0029583403201298,0.0352342563841891
chr16:8999044:8999188:-,HepG2,BCLAF1,ASB,-4.9,chr16,8999044,8999188,-,1,BCLAF1,chr16_8999138_-,chr16,8999138,-,"A:0,C:8,G:0,T:34,_A:0,C:16,G:0,T:49,",T,C,0.000408515660685645,0.0137614464467535
chr16:74537429:74537644:-,HepG2,BCLAF1,ASB,-5.3,chr16,74537429,74537644,-,1,BCLAF1,chr16_74537591_-,chr16,74537591,-,"A:0,C:14,G:0,T:6,_A:0,C:18,G:0,T:7,",C,T,0.00884672906053014,0.058336543176595
chr17:77073745:77073946:+,HepG2,BCLAF1,ASB,10.0,chr17,77073745,77073946,+,1,BCLAF1,chr17_77073941_+,chr17,77073941,+,"A:0,C:1,G:0,T:11,_A:0,C:3,G:0,T:11,",T,C,0.00119881722311385,0.0234831720868064
chr17:42942298:42942433:-,HepG2,BCLAF1,ASB,-3.1,chr17,42942298,42942433,-,1,BCLAF1,chr17_42942392_-,chr17,42942392,-,"A:5,C:0,G:11,T:0,_A:4,C:0,G:12,T:0,",G,A,0.0196769858781824,0.0844538315820922
chr17:58541382:58541471:-,HepG2,BCLAF1,ASB,-14.3,chr17,58541382,58541471,-,1,BCLAF1,chr17_58541453_-,chr17,58541453,-,"A:0,C:7,G:0,T:3,_A:0,C:17,G:0,T:6,",C,T,0.0176867243586937,0.0799991521722183
chr19:53577393:53577521:-,HepG2,BCLAF1,ASB,-17.3,chr19,53577393,53577521,-,1,BCLAF1,chr19_53577419_-,chr19,53577419,-,"A:0,C:0,G:10,T:0,_A:0,C:0,G:14,T:0,",G,C,8.06002079680259e-05,0.00590864026205338
chr21:38563635:38563725:+,HepG2,BCLAF1,ASB,0.2,chr21,38563635,38563725,+,1,BCLAF1,chr21_38563725_+,chr21,38563725,+,"A:7,C:0,G:27,T:0,_A:5,C:0,G:27,T:0,",G,A,0.00144335604562921,0.0254699779543205
chr21:45107397:45108121:+,HepG2,BCLAF1,ASB,-1.2,chr21,45107397,45108121,+,1,BCLAF1,chr21_45107562_+,chr21,45107562,+,"A:0,C:3,G:0,T:11,_A:0,C:4,G:0,T:10,",T,C,0.00972866978977743,0.0607717927553979
chr1:1421490:1421615:+,HepG2,BUD13,ASB,-2.1,chr1,1421490,1421615,+,1,BUD13,chr1_1421531_+,chr1,1421531,+,"A:1,C:11,G:0,T:0,_A:1,C:9,G:0,T:0,",C,A,0.0144751796920579,0.0725787946956255
chr10:21827762:21827841:+,HepG2,BUD13,ASB,0.0,chr10,21827762,21827841,+,1,BUD13,chr10_21827796_+,chr10,21827796,+,"A:3,C:0,G:18,T:0,_A:2,C:0,G:9,T:0,",G,A,0.020407412819176,0.0860594555112098
chr10:21827762:21827841:+,HepG2,BUD13,ASB,0.0,chr10,21827762,21827841,+,1,BUD13,chr10_21827796_+,chr10,21827796,+,"A:3,C:0,G:18,T:0,_A:2,C:0,G:9,T:0,",G,A,0.020407412819176,0.0860594555112098
chr17:21202190:21202238:+,HepG2,BUD13,ASB,11.3,chr17,21202190,21202238,+,1,BUD13,chr17_21202237_+,chr17,21202237,+,"A:0,C:0,G:9,T:0,_A:0,C:0,G:20,T:0,",G,C,0.00318068303141707,0.0364698596091375
chr17:21203857:21203970:+,HepG2,BUD13,ASB,4.9,chr17,21203857,21203970,+,1,BUD13,chr17_21203893_+,chr17,21203893,+,"A:0,C:0,G:0,T:9,_A:0,C:0,G:0,T:14,",T,C,0.00501757851587579,0.0453153667077117
chr19:1056065:1056242:+,HepG2,BUD13,ASB,18.9,chr19,1056065,1056242,+,1,BUD13,chr19_1056065_+,chr19,1056065,+,"A:3,C:0,G:1,T:0,_A:17,C:0,G:3,T:0,",A,G,0.0210363128436108,0.0874291120012893
chr2:241902681:241903163:-,HepG2,CSTF2T,ASB,6.8,chr2,241902681,241903163,-,1,CSTF2T,chr2_241902718_-,chr2,241902718,-,"A:0,C:14,G:26,T:0,_A:0,C:8,G:30,T:0,",G,C,0.0143106447843483,0.0721903103237407
chr2:241902681:241903163:-,HepG2,CSTF2T,ASB,6.8,chr2,241902681,241903163,-,1,CSTF2T,chr2_241902718_-,chr2,241902718,-,"A:0,C:14,G:26,T:0,_A:0,C:8,G:30,T:0,",G,C,0.0143106447843483,0.0721903103237407
chr12:132401956:132402099:+,HepG2,CSTF2T,ASB,-14.0,chr12,132401956,132402099,+,1,CSTF2T,chr12_132402020_+,chr12,132402020,+,"A:1,C:12,G:0,T:44,_A:0,C:26,G:0,T:68,",T,C,0.00321591728932309,0.0366620831640785
chr12:132401956:132402099:+,HepG2,CSTF2T,ASB,-14.0,chr12,132401956,132402099,+,1,CSTF2T,chr12_132402020_+,chr12,132402020,+,"A:1,C:12,G:0,T:44,_A:0,C:26,G:0,T:68,",T,C,0.00321591728932309,0.0366620831640785
chr17:21199398:21199522:+,HepG2,CSTF2T,ASB,0.2,chr17,21199398,21199522,+,1,CSTF2T,chr17_21199403_+,chr17,21199403,+,"A:0,C:6,G:0,T:0,_A:0,C:15,G:0,T:0,",C,T,0.00249583246862313,0.0325319974752855
chr19:49964876:49965057:+,HepG2,CSTF2T,ASB,-0.4,chr19,49964876,49965057,+,1,CSTF2T,chr19_49964977_+,chr19,49964977,+,"A:0,C:4,G:33,T:0,_A:0,C:2,G:14,T:0,",G,C,0.000468212894507935,0.0148330008209178
chr19:49964876:49965057:+,HepG2,CSTF2T,ASB,-0.4,chr19,49964876,49965057,+,1,CSTF2T,chr19_49964977_+,chr19,49964977,+,"A:0,C:4,G:33,T:0,_A:0,C:2,G:14,T:0,",G,C,0.000468212894507935,0.0148330008209178
chr11:2150342:2154453:-,HepG2,DDX3X,ctrl,0.9,chr11,2150342,2154453,-,1,DDX3X,chr11_2152005_-,chr11,2152005,-,"A:10,C:0,G:0,T:0,_A:74,C:0,G:0,T:0,",A,C,0.00331078263348028,0.0371748977568611
chr16:88724323:88724437:-,HepG2,DDX55,ASB,-2.0,chr16,88724323,88724437,-,1,DDX55,chr16_88724347_-,chr16,88724347,-,"A:0,C:0,G:21,T:5,_A:0,C:0,G:12,T:4,",G,T,0.0214514899027431,0.0883268036276584
chr12:57106570:57106692:-,HepG2,FTO,ASB,-14.7,chr12,57106570,57106692,-,1,FTO,chr12_57106660_-,chr12,57106660,-,"A:15,C:0,G:1,T:1,_A:8,C:0,G:0,T:2,",A,T,0.00536597621715896,0.0467510209847156
chr20:61468435:61468617:+,HepG2,FTO,ASB,-7.3,chr20,61468435,61468617,+,1,FTO,chr20_61468571_+,chr20,61468571,+,"A:0,C:14,G:0,T:1,_A:0,C:6,G:0,T:1,",C,T,0.00651439465046952,0.0510527731420076
chr1:145112373:145112519:+,K562,GRWD1,ASB,7.8,chr1,145112373,145112519,+,1,GRWD1,chr1_145112414_+,chr1,145112414,+,"A:0,C:30,G:0,T:0,_A:0,C:20,G:0,T:0,",C,T,6.94094641143059e-05,0.00549616311573251
chr1:145112373:145112519:+,HepG2,GRWD1,ASB,-3.5,chr1,145112373,145112519,+,1,GRWD1,chr1_145112414_+,chr1,145112414,+,"A:0,C:30,G:0,T:0,_A:0,C:20,G:0,T:0,",C,T,6.94094641143059e-05,0.00549616311573251
chr1:145112373:145112519:+,K562,GRWD1,ASB,7.8,chr1,145112373,145112519,+,1,GRWD1,chr1_145112420_+,chr1,145112420,+,"A:0,C:39,G:0,T:0,_A:0,C:25,G:0,T:0,",C,T,8.14284370670777e-05,0.00593766917176083
chr1:145112373:145112519:+,HepG2,GRWD1,ASB,-3.5,chr1,145112373,145112519,+,1,GRWD1,chr1_145112420_+,chr1,145112420,+,"A:0,C:39,G:0,T:0,_A:0,C:25,G:0,T:0,",C,T,8.14284370670777e-05,0.00593766917176083
chr1:145112373:145112519:+,K562,GRWD1,ASB,7.8,chr1,145112373,145112519,+,1,GRWD1,chr1_145112428_+,chr1,145112428,+,"A:0,C:0,G:0,T:34,_A:0,C:0,G:0,T:25,",T,C,7.43485497293264e-05,0.00568325510375005
chr1:145112373:145112519:+,HepG2,GRWD1,ASB,-3.5,chr1,145112373,145112519,+,1,GRWD1,chr1_145112428_+,chr1,145112428,+,"A:0,C:0,G:0,T:34,_A:0,C:0,G:0,T:25,",T,C,7.43485497293264e-05,0.00568325510375005
chr1:145112373:145112519:+,K562,GRWD1,ASB,7.8,chr1,145112373,145112519,+,1,GRWD1,chr1_145112485_+,chr1,145112485,+,"A:0,C:0,G:0,T:59,_A:0,C:0,G:0,T:43,",T,C,5.95589833070507e-05,0.00509185699880118
chr1:145112373:145112519:+,HepG2,GRWD1,ASB,-3.5,chr1,145112373,145112519,+,1,GRWD1,chr1_145112485_+,chr1,145112485,+,"A:0,C:0,G:0,T:59,_A:0,C:0,G:0,T:43,",T,C,5.95589833070507e-05,0.00509185699880118
chr1:236979749:236979843:+,HepG2,GRWD1,ASB,11.4,chr1,236979749,236979843,+,1,GRWD1,chr1_236979843_+,chr1,236979843,+,"A:3,C:0,G:25,T:0,_A:0,C:0,G:25,T:0,",G,A,0.000181780518366407,0.00881563124171792
chr2:102472439:102472600:+,HepG2,GRWD1,ASB,4.1,chr2,102472439,102472600,+,1,GRWD1,chr2_102472459_+,chr2,102472459,+,"A:25,C:0,G:17,T:0,_A:70,C:0,G:32,T:0,",A,G,0.0217638024130924,0.0889986401524974
chr2:233684537:233684695:+,HepG2,GRWD1,ASB,5.7,chr2,233684537,233684695,+,1,GRWD1,chr2_233684603_+,chr2,233684603,+,"A:18,C:0,G:1,T:0,_A:22,C:0,G:3,T:0,",A,G,0.000337371650397317,0.0123678988264463
chr3:187446838:187447809:-,HepG2,GRWD1,ASB,-9.5,chr3,187446838,187447809,-,1,GRWD1,chr3_187447002_-,chr3,187447002,-,"A:0,C:33,G:16,T:0,_A:0,C:22,G:5,T:0,",C,G,0.013486790640304,0.0702295638991627
chr5:95091100:95091465:+,HepG2,GRWD1,ASB,-1.8,chr5,95091100,95091465,+,1,GRWD1,chr5_95091194_+,chr5,95091194,+,"A:0,C:10,G:0,T:4,_A:0,C:18,G:0,T:3,",C,T,0.0074322925259873,0.0541066939259072
chr6:168343809:168343871:+,HepG2,GRWD1,ASB,2.3,chr6,168343809,168343871,+,1,GRWD1,chr6_168343838_+,chr6,168343838,+,"A:0,C:10,G:0,T:46,_A:0,C:13,G:0,T:24,",T,C,0.00921273608993725,0.0593622649239071
chr6:168348973:168349158:+,HepG2,GRWD1,ASB,0.9,chr6,168348973,168349158,+,1,GRWD1,chr6_168349011_+,chr6,168349011,+,"A:0,C:103,G:0,T:32,_A:0,C:44,G:0,T:16,",C,T,0.00101900218001016,0.0218442263723331
chr6:18256592:18256686:-,HepG2,GRWD1,ASB,-8.7,chr6,18256592,18256686,-,1,GRWD1,chr6_18256625_-,chr6,18256625,-,"A:8,C:0,G:5,T:0,_A:30,C:0,G:9,T:0,",A,G,0.0120916385527318,0.0668386967121171
chr6:170033043:170033164:-,HepG2,GRWD1,ASB,1.5,chr6,170033043,170033164,-,1,GRWD1,chr6_170033133_-,chr6,170033133,-,"A:0,C:5,G:29,T:0,_A:0,C:5,G:21,T:0,",G,C,0.00146963387876993,0.0256712237702645
chr10:54074683:54074845:+,HepG2,GRWD1,ASB,-17.4,chr10,54074683,54074845,+,1,GRWD1,chr10_54074757_+,chr10,54074757,+,"A:4,C:0,G:11,T:0,_A:11,C:0,G:26,T:0,",G,A,0.0191256691290325,0.0832314238787614
chr12:57106570:57106692:-,HepG2,GRWD1,ASB,1.4,chr12,57106570,57106692,-,1,GRWD1,chr12_57106660_-,chr12,57106660,-,"A:89,C:0,G:0,T:11,_A:115,C:0,G:0,T:13,",A,T,0.000408354303513504,0.0137584327067447
chr14:21829005:21829131:-,HepG2,GRWD1,ASB,-2.4,chr14,21829005,21829131,-,1,GRWD1,chr14_21829129_-,chr14,21829129,-,"A:0,C:33,G:2,T:0,_A:0,C:101,G:9,T:0,",C,G,0.000187769447700604,0.0089672611019999
chr16:90097707:90097904:+,HepG2,GRWD1,ASB,-1.9,chr16,90097707,90097904,+,2,GRWD1,chr16_90097748_+,chr16,90097748,+,"A:0,C:23,G:0,T:6,_A:0,C:17,G:0,T:2,",C,T,0.00141509243268508,0.0252512190906722
chr16:90097584:90097904:+,HepG2,GRWD1,ASB,-1.6,chr16,90097584,90097904,+,2,GRWD1,chr16_90097748_+,chr16,90097748,+,"A:0,C:23,G:0,T:6,_A:0,C:17,G:0,T:2,",C,T,0.00141509243268508,0.0252512190906722
chr16:8999044:8999188:-,HepG2,GRWD1,ASB,-1.8,chr16,8999044,8999188,-,1,GRWD1,chr16_8999138_-,chr16,8999138,-,"A:0,C:16,G:0,T:41,_A:0,C:10,G:0,T:60,",T,C,0.00290267575832753,0.0349186593086928
chr16:88724323:88724437:-,HepG2,GRWD1,ASB,-7.7,chr16,88724323,88724437,-,1,GRWD1,chr16_88724347_-,chr16,88724347,-,"A:0,C:0,G:135,T:46,_A:0,C:0,G:140,T:57,",G,T,0.0123680951574959,0.0675189105534523
chr17:21203857:21203970:+,HepG2,GRWD1,ASB,-7.7,chr17,21203857,21203970,+,1,GRWD1,chr17_21203893_+,chr17,21203893,+,"A:0,C:0,G:0,T:20,_A:0,C:0,G:0,T:19,",T,C,7.11833804547506e-05,0.00556438414480602
chr17:21203857:21203970:+,HepG2,GRWD1,ASB,-7.7,chr17,21203857,21203970,+,1,GRWD1,chr17_21203907_+,chr17,21203907,+,"A:0,C:0,G:0,T:16,_A:0,C:0,G:0,T:22,",T,C,7.53076228380381e-05,0.00571860257964286
chr17:21207738:21207865:+,HepG2,GRWD1,ASB,-5.9,chr17,21207738,21207865,+,1,GRWD1,chr17_21207834_+,chr17,21207834,+,"A:0,C:27,G:0,T:0,_A:0,C:26,G:0,T:0,",C,T,7.15459653704953e-05,0.00557818196585293
chr17:21207738:21207865:+,HepG2,GRWD1,ASB,-5.9,chr17,21207738,21207865,+,1,GRWD1,chr17_21207835_+,chr17,21207835,+,"A:0,C:0,G:28,T:0,_A:0,C:0,G:27,T:0,",G,A,7.3405081110185e-05,0.00564818630483025
chr17:21207738:21207865:+,HepG2,GRWD1,ASB,-5.9,chr17,21207738,21207865,+,1,GRWD1,chr17_21207844_+,chr17,21207844,+,"A:0,C:24,G:0,T:0,_A:0,C:27,G:0,T:0,",C,T,6.96924204409231e-05,0.00550712664643447
chr17:78354631:78354787:+,HepG2,GRWD1,ASB,6.8,chr17,78354631,78354787,+,1,GRWD1,chr17_78354661_+,chr17,78354661,+,"A:0,C:19,G:0,T:1,_A:0,C:10,G:0,T:5,",C,T,0.0043881678319504,0.0425405496967058
chr17:42942298:42942433:-,HepG2,GRWD1,ASB,-2.7,chr17,42942298,42942433,-,1,GRWD1,chr17_42942392_-,chr17,42942392,-,"A:12,C:0,G:24,T:0,_A:7,C:0,G:25,T:0,",G,A,0.0145218235565442,0.0726887504333473
chr19:53577393:53577521:-,HepG2,GRWD1,ASB,-14.4,chr19,53577393,53577521,-,1,GRWD1,chr19_53577419_-,chr19,53577419,-,"A:0,C:0,G:14,T:0,_A:0,C:0,G:20,T:0,",G,C,0.000116809403809164,0.00705717333558363
chr19:57321451:57328947:-,HepG2,GRWD1,ctrl,-2.3,chr19,57321451,57328947,-,3,GRWD1,chr19_57325083_-,chr19,57325083,-,"A:0,C:0,G:0,T:461,_A:0,C:0,G:0,T:240,",T,C,7.03049284288495e-05,0.00553075178688338
chr19:57324516:57328947:-,HepG2,GRWD1,ctrl,-3.1,chr19,57324516,57328947,-,3,GRWD1,chr19_57325083_-,chr19,57325083,-,"A:0,C:0,G:0,T:461,_A:0,C:0,G:0,T:240,",T,C,7.03049284288495e-05,0.00553075178688338
chr19:57325043:57328947:-,HepG2,GRWD1,ctrl,-3.0,chr19,57325043,57328947,-,3,GRWD1,chr19_57325083_-,chr19,57325083,-,"A:0,C:0,G:0,T:461,_A:0,C:0,G:0,T:240,",T,C,7.03049284288495e-05,0.00553075178688338
chr19:57321451:57328947:-,HepG2,GRWD1,ctrl,-2.3,chr19,57321451,57328947,-,3,GRWD1,chr19_57327503_-,chr19,57327503,-,"A:207,C:1,G:0,T:0,_A:191,C:0,G:0,T:0,",A,G,6.69907294410843e-05,0.00540111088000951
chr19:57324516:57328947:-,HepG2,GRWD1,ctrl,-3.1,chr19,57324516,57328947,-,3,GRWD1,chr19_57327503_-,chr19,57327503,-,"A:207,C:1,G:0,T:0,_A:191,C:0,G:0,T:0,",A,G,6.69907294410843e-05,0.00540111088000951
chr19:57325043:57328947:-,HepG2,GRWD1,ctrl,-3.0,chr19,57325043,57328947,-,3,GRWD1,chr19_57327503_-,chr19,57327503,-,"A:207,C:1,G:0,T:0,_A:191,C:0,G:0,T:0,",A,G,6.69907294410843e-05,0.00540111088000951
chr20:52071795:52071979:-,HepG2,GRWD1,ctrl,10.0,chr20,52071795,52071979,-,1,GRWD1,chr20_52071852_-,chr20,52071852,-,"A:0,C:0,G:0,T:7,_A:0,C:0,G:0,T:15,",T,C,0.00308709559696032,0.0359545781798106
chr20:52071795:52071979:-,K562,GRWD1,ctrl,-2.2,chr20,52071795,52071979,-,1,GRWD1,chr20_52071852_-,chr20,52071852,-,"A:0,C:0,G:0,T:7,_A:0,C:0,G:0,T:15,",T,C,0.00308709559696032,0.0359545781798106
chr20:52071795:52071979:-,HepG2,GRWD1,ctrl,10.0,chr20,52071795,52071979,-,1,GRWD1,chr20_52071888_-,chr20,52071888,-,"A:0,C:7,G:0,T:0,_A:0,C:14,G:0,T:0,",C,G,0.00475614572381525,0.0441924732279744
chr20:52071795:52071979:-,K562,GRWD1,ctrl,-2.2,chr20,52071795,52071979,-,1,GRWD1,chr20_52071888_-,chr20,52071888,-,"A:0,C:7,G:0,T:0,_A:0,C:14,G:0,T:0,",C,G,0.00475614572381525,0.0441924732279744
chr21:38563635:38563725:+,HepG2,GRWD1,ASB,4.2,chr21,38563635,38563725,+,1,GRWD1,chr21_38563725_+,chr21,38563725,+,"A:2,C:0,G:16,T:0,_A:3,C:0,G:20,T:0,",G,A,0.000747889059495343,0.01889953458788
chr2:128180610:128180984:+,HepG2,HLTF,ASB,-21.8,chr2,128180610,128180984,+,2,HLTF,chr2_128180872_+,chr2,128180872,+,"A:0,C:0,G:6,T:24,_A:0,C:0,G:11,T:12,",T,G,0.0188462726655401,0.0826085115117694
chr2:128180850:128180984:+,HepG2,HLTF,ASB,-26.7,chr2,128180850,128180984,+,2,HLTF,chr2_128180872_+,chr2,128180872,+,"A:0,C:0,G:6,T:24,_A:0,C:0,G:11,T:12,",T,G,0.0188462726655401,0.0826085115117694
chr2:128180850:128180984:+,HepG2,HLTF,ASB,-26.7,chr2,128180850,128180984,+,2,HLTF,chr2_128180872_+,chr2,128180872,+,"A:0,C:0,G:6,T:24,_A:0,C:0,G:11,T:12,",T,G,0.0188462726655401,0.0826085115117694
chr2:128180610:128180984:+,HepG2,HLTF,ASB,-21.8,chr2,128180610,128180984,+,2,HLTF,chr2_128180872_+,chr2,128180872,+,"A:0,C:0,G:6,T:24,_A:0,C:0,G:11,T:12,",T,G,0.0188462726655401,0.0826085115117694
chr6:158733520:158735300:+,HepG2,HLTF,ctrl,-3.6,chr6,158733520,158735300,+,2,HLTF,chr6_158735090_+,chr6,158735090,+,"A:0,C:9,G:0,T:5,_A:0,C:21,G:0,T:9,",C,T,0.0219333704884065,0.0893621506549276
chr6:158733520:158735300:+,K562,HLTF,ctrl,7.2,chr6,158733520,158735300,+,2,HLTF,chr6_158735090_+,chr6,158735090,+,"A:0,C:9,G:0,T:5,_A:0,C:21,G:0,T:9,",C,T,0.0219333704884065,0.0893621506549276
chr6:158733692:158735300:+,HepG2,HLTF,ctrl,-0.1,chr6,158733692,158735300,+,2,HLTF,chr6_158735090_+,chr6,158735090,+,"A:0,C:9,G:0,T:5,_A:0,C:21,G:0,T:9,",C,T,0.0219333704884065,0.0893621506549276
chr6:158733692:158735300:+,K562,HLTF,ctrl,7.7,chr6,158733692,158735300,+,2,HLTF,chr6_158735090_+,chr6,158735090,+,"A:0,C:9,G:0,T:5,_A:0,C:21,G:0,T:9,",C,T,0.0219333704884065,0.0893621506549276
chr10:21827762:21827841:+,HepG2,HLTF,ASB,5.7,chr10,21827762,21827841,+,1,HLTF,chr10_21827796_+,chr10,21827796,+,"A:1,C:0,G:13,T:0,_A:5,C:0,G:20,T:0,",G,A,0.000263130053552271,0.0107660657803838
chr10:21827762:21827841:+,HepG2,HLTF,ASB,5.7,chr10,21827762,21827841,+,1,HLTF,chr10_21827796_+,chr10,21827796,+,"A:1,C:0,G:13,T:0,_A:5,C:0,G:20,T:0,",G,A,0.000263130053552271,0.0107660657803838
chr16:19547262:19548909:+,HepG2,HLTF,ASB,-5.3,chr16,19547262,19548909,+,1,HLTF,chr16_19548461_+,chr16,19548461,+,"A:0,C:10,G:0,T:2,_A:0,C:9,G:0,T:1,",C,T,0.00787984237056511,0.0554986961341691
chr17:66416330:66416647:+,HepG2,HLTF,ctrl,1.8,chr17,66416330,66416647,+,4,HLTF,chr17_66416357_+,chr17,66416357,+,"A:0,C:3,G:0,T:9,_A:0,C:8,G:0,T:17,",T,C,0.0212151198672429,0.0878163618545496
chr17:66416330:66416647:+,K562,HLTF,ctrl,1.6,chr17,66416330,66416647,+,4,HLTF,chr17_66416357_+,chr17,66416357,+,"A:0,C:3,G:0,T:9,_A:0,C:8,G:0,T:17,",T,C,0.0212151198672429,0.0878163618545496
chr17:66416330:66416926:+,HepG2,HLTF,ctrl,3.3,chr17,66416330,66416926,+,4,HLTF,chr17_66416357_+,chr17,66416357,+,"A:0,C:3,G:0,T:9,_A:0,C:8,G:0,T:17,",T,C,0.0212151198672429,0.0878163618545496
chr17:66416330:66416926:+,K562,HLTF,ctrl,-0.6,chr17,66416330,66416926,+,4,HLTF,chr17_66416357_+,chr17,66416357,+,"A:0,C:3,G:0,T:9,_A:0,C:8,G:0,T:17,",T,C,0.0212151198672429,0.0878163618545496
chr17:66416330:66417000:+,HepG2,HLTF,ctrl,3.0,chr17,66416330,66417000,+,4,HLTF,chr17_66416357_+,chr17,66416357,+,"A:0,C:3,G:0,T:9,_A:0,C:8,G:0,T:17,",T,C,0.0212151198672429,0.0878163618545496
chr17:66416330:66417000:+,K562,HLTF,ctrl,0.6,chr17,66416330,66417000,+,4,HLTF,chr17_66416357_+,chr17,66416357,+,"A:0,C:3,G:0,T:9,_A:0,C:8,G:0,T:17,",T,C,0.0212151198672429,0.0878163618545496
chr17:66416330:66418872:+,HepG2,HLTF,ctrl,13.3,chr17,66416330,66418872,+,4,HLTF,chr17_66416357_+,chr17,66416357,+,"A:0,C:3,G:0,T:9,_A:0,C:8,G:0,T:17,",T,C,0.0212151198672429,0.0878163618545496
chr17:66416330:66418872:+,K562,HLTF,ctrl,11.8,chr17,66416330,66418872,+,4,HLTF,chr17_66416357_+,chr17,66416357,+,"A:0,C:3,G:0,T:9,_A:0,C:8,G:0,T:17,",T,C,0.0212151198672429,0.0878163618545496
chr19:57321451:57328947:-,HepG2,HLTF,ctrl,-2.2,chr19,57321451,57328947,-,3,HLTF,chr19_57325083_-,chr19,57325083,-,"A:0,C:0,G:0,T:158,_A:0,C:0,G:0,T:101,",T,C,7.74421643104411e-06,0.00125140732372043
chr19:57324516:57328947:-,HepG2,HLTF,ctrl,-1.8,chr19,57324516,57328947,-,3,HLTF,chr19_57325083_-,chr19,57325083,-,"A:0,C:0,G:0,T:158,_A:0,C:0,G:0,T:101,",T,C,7.74421643104411e-06,0.00125140732372043
chr19:57325043:57328947:-,HepG2,HLTF,ctrl,-1.1,chr19,57325043,57328947,-,3,HLTF,chr19_57325083_-,chr19,57325083,-,"A:0,C:0,G:0,T:158,_A:0,C:0,G:0,T:101,",T,C,7.74421643104411e-06,0.00125140732372043
chr19:57321451:57328947:-,HepG2,HLTF,ctrl,-2.2,chr19,57321451,57328947,-,3,HLTF,chr19_57326721_-,chr19,57326721,-,"A:0,C:1,G:0,T:74,_A:0,C:0,G:0,T:79,",T,C,8.77605119820152e-06,0.00134694300403307
chr19:57324516:57328947:-,HepG2,HLTF,ctrl,-1.8,chr19,57324516,57328947,-,3,HLTF,chr19_57326721_-,chr19,57326721,-,"A:0,C:1,G:0,T:74,_A:0,C:0,G:0,T:79,",T,C,8.77605119820152e-06,0.00134694300403307
chr19:57325043:57328947:-,HepG2,HLTF,ctrl,-1.1,chr19,57325043,57328947,-,3,HLTF,chr19_57326721_-,chr19,57326721,-,"A:0,C:1,G:0,T:74,_A:0,C:0,G:0,T:79,",T,C,8.77605119820152e-06,0.00134694300403307
chr19:57321451:57328947:-,HepG2,HLTF,ctrl,-2.2,chr19,57321451,57328947,-,3,HLTF,chr19_57327503_-,chr19,57327503,-,"A:135,C:0,G:0,T:0,_A:103,C:0,G:0,T:0,",A,G,7.74421643104407e-06,0.00125140732372043
chr19:57324516:57328947:-,HepG2,HLTF,ctrl,-1.8,chr19,57324516,57328947,-,3,HLTF,chr19_57327503_-,chr19,57327503,-,"A:135,C:0,G:0,T:0,_A:103,C:0,G:0,T:0,",A,G,7.74421643104407e-06,0.00125140732372043
chr19:57325043:57328947:-,HepG2,HLTF,ctrl,-1.1,chr19,57325043,57328947,-,3,HLTF,chr19_57327503_-,chr19,57327503,-,"A:135,C:0,G:0,T:0,_A:103,C:0,G:0,T:0,",A,G,7.74421643104407e-06,0.00125140732372043
chr20:61468435:61468617:+,HepG2,HLTF,ASB,-17.0,chr20,61468435,61468617,+,1,HLTF,chr20_61468571_+,chr20,61468571,+,"A:0,C:6,G:0,T:3,_A:0,C:23,G:0,T:3,",C,T,0.000783609095310904,0.0193311675692583
chr17:21199398:21199522:+,HepG2,HNRNPC,ASB,4.1,chr17,21199398,21199522,+,1,HNRNPC,chr17_21199403_+,chr17,21199403,+,"A:0,C:34,G:0,T:0,_A:0,C:13,G:0,T:0,",C,T,0.00209882103707827,0.0300516938484984
chr16:83948561:83960631:+,HepG2,HNRNPK,ctrl,13.6,chr16,83948561,83960631,+,1,HNRNPK,chr16_83959209_+,chr16,83959209,+,"A:0,C:6,G:12,T:0,_A:0,C:3,G:10,T:0,",G,C,0.0269672185842653,0.0997211074601568
chr16:83948561:83960631:+,K562,HNRNPK,ctrl,2.5,chr16,83948561,83960631,+,1,HNRNPK,chr16_83959209_+,chr16,83959209,+,"A:0,C:6,G:12,T:0,_A:0,C:3,G:10,T:0,",G,C,0.0269672185842653,0.0997211074601568
chr15:25230200:25233379:+,HepG2,HNRNPM,ctrl,-1.1,chr15,25230200,25233379,+,1,HNRNPM,chr15_25231616_+,chr15,25231616,+,"A:0,C:9,G:0,T:0,_A:0,C:19,G:0,T:0,",C,T,0.00230912724444746,0.0313864009476957
chr2:216269112:216269378:-,HepG2,IGF2BP1,ASB,-2.1,chr2,216269112,216269378,-,1,IGF2BP1,chr2_216269209_-,chr2,216269209,-,"A:0,C:0,G:181,T:367,_A:0,C:0,G:71,T:177,",T,G,0.0157635181537966,0.0755898955657103
chr2:216269112:216269378:-,HepG2,IGF2BP1,ASB,-2.1,chr2,216269112,216269378,-,1,IGF2BP1,chr2_216269209_-,chr2,216269209,-,"A:0,C:0,G:181,T:367,_A:0,C:0,G:71,T:177,",T,G,0.0157635181537966,0.0755898955657103
chr2:216269112:216269378:-,HepG2,IGF2BP1,ASB,-2.1,chr2,216269112,216269378,-,1,IGF2BP1,chr2_216269254_-,chr2,216269254,-,"A:2,C:0,G:168,T:319,_A:0,C:0,G:82,T:162,",T,G,0.0115002649870033,0.0653667447715827
chr2:216269112:216269378:-,HepG2,IGF2BP1,ASB,-2.1,chr2,216269112,216269378,-,1,IGF2BP1,chr2_216269254_-,chr2,216269254,-,"A:2,C:0,G:168,T:319,_A:0,C:0,G:82,T:162,",T,G,0.0115002649870033,0.0653667447715827
chr2:216272831:216272920:-,HepG2,IGF2BP1,ASB,0.2,chr2,216272831,216272920,-,1,IGF2BP1,chr2_216272907_-,chr2,216272907,-,"A:323,C:1,G:1,T:675,_A:158,C:0,G:0,T:312,",T,A,0.00905912500512905,0.0589345833464785
chr2:216272831:216272920:-,HepG2,IGF2BP1,ASB,0.2,chr2,216272831,216272920,-,1,IGF2BP1,chr2_216272907_-,chr2,216272907,-,"A:323,C:1,G:1,T:675,_A:158,C:0,G:0,T:312,",T,A,0.00905912500512905,0.0589345833464785
chr19:57321451:57328947:-,HepG2,IGF2BP1,ctrl,-0.3,chr19,57321451,57328947,-,3,IGF2BP1,chr19_57325083_-,chr19,57325083,-,"A:0,C:0,G:1,T:20,_A:0,C:0,G:0,T:36,",T,C,0.000106553452874459,0.00675146313951651
chr19:57324516:57328947:-,HepG2,IGF2BP1,ctrl,-2.4,chr19,57324516,57328947,-,3,IGF2BP1,chr19_57325083_-,chr19,57325083,-,"A:0,C:0,G:1,T:20,_A:0,C:0,G:0,T:36,",T,C,0.000106553452874459,0.00675146313951651
chr19:57325043:57328947:-,HepG2,IGF2BP1,ctrl,-1.9,chr19,57325043,57328947,-,3,IGF2BP1,chr19_57325083_-,chr19,57325083,-,"A:0,C:0,G:1,T:20,_A:0,C:0,G:0,T:36,",T,C,0.000106553452874459,0.00675146313951651
chr12:57106570:57106692:-,HepG2,IGF2BP3,ASB,-1.0,chr12,57106570,57106692,-,1,IGF2BP3,chr12_57106660_-,chr12,57106660,-,"A:5,C:0,G:0,T:1,_A:13,C:0,G:0,T:2,",A,T,0.0164181198460878,0.0771015257564202
chr15:25277020:25281637:+,HepG2,KHSRP,ctrl,-1.7,chr15,25277020,25281637,+,1,KHSRP,chr15_25281586_+,chr15,25281586,+,"A:0,C:0,G:0,T:43,_A:0,C:0,G:0,T:23,",T,G,8.73227141241958e-05,0.00613939732524895
chr4:74285224:74285356:+,HepG2,LARP4,ASB,-3.2,chr4,74285224,74285356,+,1,LARP4,chr4_74285239_+,chr4,74285239,+,"A:0,C:1216,G:0,T:1284,_A:2,C:1007,G:0,T:854,",C,T,0.000237749639103366,0.0101814865067079
chr12:57106570:57106692:-,HepG2,LARP4,ASB,1.1,chr12,57106570,57106692,-,1,LARP4,chr12_57106660_-,chr12,57106660,-,"A:30,C:0,G:0,T:5,_A:19,C:0,G:0,T:1,",A,T,0.0001908772238197,0.00904540296230004
chr14:39819302:39819849:+,HepG2,LARP4,ctrl,-9.5,chr14,39819302,39819849,+,5,LARP4,chr14_39819734_+,chr14,39819734,+,"A:0,C:0,G:2,T:24,_A:0,C:0,G:0,T:22,",T,G,8.18421597708949e-05,0.00595210308743997
chr14:39819302:39819894:+,HepG2,LARP4,ctrl,-9.9,chr14,39819302,39819894,+,5,LARP4,chr14_39819734_+,chr14,39819734,+,"A:0,C:0,G:2,T:24,_A:0,C:0,G:0,T:22,",T,G,8.18421597708949e-05,0.00595210308743997
chr14:39819302:39819898:+,HepG2,LARP4,ctrl,-9.9,chr14,39819302,39819898,+,5,LARP4,chr14_39819734_+,chr14,39819734,+,"A:0,C:0,G:2,T:24,_A:0,C:0,G:0,T:22,",T,G,8.18421597708949e-05,0.00595210308743997
chr14:39819302:39820397:+,HepG2,LARP4,ctrl,-12.7,chr14,39819302,39820397,+,5,LARP4,chr14_39819734_+,chr14,39819734,+,"A:0,C:0,G:2,T:24,_A:0,C:0,G:0,T:22,",T,G,8.18421597708949e-05,0.00595210308743997
chr14:39819302:39820599:+,HepG2,LARP4,ctrl,-13.3,chr14,39819302,39820599,+,5,LARP4,chr14_39819734_+,chr14,39819734,+,"A:0,C:0,G:2,T:24,_A:0,C:0,G:0,T:22,",T,G,8.18421597708949e-05,0.00595210308743997
chr15:25219458:25219603:+,HepG2,LARP4,ASB,7.8,chr15,25219458,25219603,+,2,LARP4,chr15_25219512_+,chr15,25219512,+,"A:0,C:11,G:0,T:0,_A:0,C:12,G:0,T:0,",C,T,0.000599009171359368,0.0169063615967595
chr15:25219435:25219603:+,HepG2,LARP4,ASB,7.2,chr15,25219435,25219603,+,2,LARP4,chr15_25219512_+,chr15,25219512,+,"A:0,C:11,G:0,T:0,_A:0,C:12,G:0,T:0,",C,T,0.000599009171359368,0.0169063615967595
chr15:25219458:25219603:+,HepG2,LARP4,ASB,7.8,chr15,25219458,25219603,+,2,LARP4,chr15_25219512_+,chr15,25219512,+,"A:0,C:11,G:0,T:0,_A:0,C:12,G:0,T:0,",C,T,0.000599009171359368,0.0169063615967595
chr2:216269112:216269378:-,HepG2,LIN28B,ASB,-3.9,chr2,216269112,216269378,-,1,LIN28B,chr2_216269254_-,chr2,216269254,-,"A:0,C:1,G:57,T:213,_A:0,C:0,G:47,T:205,",T,G,0.00722534135839313,0.053442901894928
chr2:216269112:216269378:-,HepG2,LIN28B,ASB,-3.9,chr2,216269112,216269378,-,1,LIN28B,chr2_216269254_-,chr2,216269254,-,"A:0,C:1,G:57,T:213,_A:0,C:0,G:47,T:205,",T,G,0.00722534135839313,0.053442901894928
chr4:187538159:187538355:-,HepG2,LIN28B,ASB,-8.0,chr4,187538159,187538355,-,1,LIN28B,chr4_187538330_-,chr4,187538330,-,"A:22,C:0,G:79,T:0,_A:11,C:0,G:44,T:0,",G,A,0.0133886087037391,0.0699940362708631
chr4:187538159:187538355:-,HepG2,LIN28B,ASB,-8.0,chr4,187538159,187538355,-,1,LIN28B,chr4_187538330_-,chr4,187538330,-,"A:22,C:0,G:79,T:0,_A:11,C:0,G:44,T:0,",G,A,0.0133886087037391,0.0699940362708631
chr17:21205455:21205571:+,HepG2,LIN28B,ASB,-20.1,chr17,21205455,21205571,+,1,LIN28B,chr17_21205460_+,chr17,21205460,+,"A:0,C:17,G:0,T:0,_A:0,C:4,G:0,T:0,",C,T,0.0121238564295725,0.0669182100157152
chr17:21207738:21207865:+,HepG2,LIN28B,ASB,-13.1,chr17,21207738,21207865,+,1,LIN28B,chr17_21207834_+,chr17,21207834,+,"A:0,C:24,G:0,T:0,_A:0,C:3,G:0,T:0,",C,T,0.00749208657413004,0.0542960309055355
chr17:21207738:21207865:+,HepG2,LIN28B,ASB,-13.1,chr17,21207738,21207865,+,1,LIN28B,chr17_21207835_+,chr17,21207835,+,"A:0,C:0,G:24,T:0,_A:0,C:0,G:3,T:0,",G,A,0.00863536125329802,0.0577331526551231
chr17:21207738:21207865:+,HepG2,LIN28B,ASB,-13.1,chr17,21207738,21207865,+,1,LIN28B,chr17_21207844_+,chr17,21207844,+,"A:0,C:30,G:0,T:0,_A:0,C:6,G:0,T:0,",C,T,0.00516219848212813,0.0459194722680457
chr19:57321451:57328947:-,HepG2,LIN28B,ctrl,-3.6,chr19,57321451,57328947,-,1,LIN28B,chr19_57323275_-,chr19,57323275,-,"A:0,C:0,G:35,T:0,_A:0,C:0,G:10,T:0,",G,A,0.0038227974685754,0.0398276107845462
chr16:88724323:88724437:-,HepG2,LSM11,ASB,-2.5,chr16,88724323,88724437,-,1,LSM11,chr16_88724347_-,chr16,88724347,-,"A:0,C:0,G:24,T:10,_A:0,C:0,G:33,T:8,",G,T,0.0226378907672666,0.0908627778207475
chr20:61468435:61468617:+,HepG2,LSM11,ASB,-6.6,chr20,61468435,61468617,+,1,LSM11,chr20_61468571_+,chr20,61468571,+,"A:0,C:44,G:0,T:3,_A:0,C:49,G:0,T:2,",C,T,0.000677850967833237,0.018003677315797
chr16:67984557:67984963:-,HepG2,NKRF,ASB,6.4,chr16,67984557,67984963,-,1,NKRF,chr16_67984804_-,chr16,67984804,-,"A:19,C:0,G:1,T:0,_A:11,C:0,G:6,T:0,",A,G,0.00779421044919445,0.0552367132057027
chr2:216269112:216269378:-,HepG2,PCBP1,ASB,-1.1,chr2,216269112,216269378,-,1,PCBP1,chr2_216269254_-,chr2,216269254,-,"A:0,C:0,G:35,T:82,_A:0,C:0,G:6,T:34,",T,G,0.00817880928834289,0.0563986314408901
chr2:216272831:216272920:-,HepG2,PCBP1,ASB,-1.5,chr2,216272831,216272920,-,1,PCBP1,chr2_216272907_-,chr2,216272907,-,"A:51,C:0,G:0,T:91,_A:14,C:0,G:0,T:33,",T,A,0.0193511718869065,0.0837325064777468
chr1:1421490:1421615:+,HepG2,PPIG,ASB,1.0,chr1,1421490,1421615,+,1,PPIG,chr1_1421531_+,chr1,1421531,+,"A:1,C:10,G:0,T:0,_A:8,C:22,G:0,T:0,",C,A,0.0144695824249083,0.0725655948471416
chr1:145109524:145109684:+,HepG2,PPIG,ASB,13.5,chr1,145109524,145109684,+,1,PPIG,chr1_145109661_+,chr1,145109661,+,"A:0,C:0,G:12,T:0,_A:0,C:0,G:16,T:0,",G,A,0.000409546504815753,0.0137806846601357
chr1:145112373:145112519:+,HepG2,PPIG,ASB,19.2,chr1,145112373,145112519,+,1,PPIG,chr1_145112485_+,chr1,145112485,+,"A:0,C:0,G:0,T:23,_A:0,C:0,G:0,T:14,",T,C,0.000224752265193511,0.00987412700836624
chr1:236979749:236979843:+,HepG2,PPIG,ASB,-8.2,chr1,236979749,236979843,+,1,PPIG,chr1_236979843_+,chr1,236979843,+,"A:1,C:0,G:12,T:0,_A:2,C:0,G:11,T:0,",G,A,0.00440013588086091,0.0425956447167607
chr2:219267758:219267850:+,HepG2,PPIG,ASB,7.4,chr2,219267758,219267850,+,1,PPIG,chr2_219267781_+,chr2,219267781,+,"A:0,C:35,G:0,T:11,_A:0,C:57,G:0,T:10,",C,T,0.00528774994588176,0.04643447093286
chr2:219267758:219267850:+,HepG2,PPIG,ASB,7.4,chr2,219267758,219267850,+,1,PPIG,chr2_219267781_+,chr2,219267781,+,"A:0,C:35,G:0,T:11,_A:0,C:57,G:0,T:10,",C,T,0.00528774994588176,0.04643447093286
chr2:233684537:233684695:+,HepG2,PPIG,ASB,7.0,chr2,233684537,233684695,+,1,PPIG,chr2_233684603_+,chr2,233684603,+,"A:11,C:0,G:2,T:0,_A:13,C:0,G:5,T:0,",A,G,0.0115547702952798,0.0655034600151202
chr6:170033043:170033164:-,HepG2,PPIG,ASB,-3.7,chr6,170033043,170033164,-,1,PPIG,chr6_170033133_-,chr6,170033133,-,"A:0,C:6,G:25,T:1,_A:0,C:4,G:19,T:0,",G,C,0.00326610912844685,0.0369342593050049
chr7:76991900:76991977:-,HepG2,PPIG,ASB,-3.7,chr7,76991900,76991977,-,1,PPIG,chr7_76991935_-,chr7,76991935,-,"A:0,C:14,G:0,T:3,_A:0,C:6,G:0,T:1,",C,T,0.0132649187248991,0.0696967135582032
chr9:117044737:117044844:+,HepG2,PPIG,ASB,15.2,chr9,117044737,117044844,+,1,PPIG,chr9_117044751_+,chr9,117044751,+,"A:1,C:232,G:0,T:156,_A:2,C:337,G:2,T:186,",C,T,0.0162546481721119,0.0767250627352971
chr9:117044737:117044844:+,HepG2,PPIG,ASB,15.2,chr9,117044737,117044844,+,1,PPIG,chr9_117044751_+,chr9,117044751,+,"A:1,C:232,G:0,T:156,_A:2,C:337,G:2,T:186,",C,T,0.0162546481721119,0.0767250627352971
chr10:21827762:21827841:+,HepG2,PPIG,ASB,10.1,chr10,21827762,21827841,+,1,PPIG,chr10_21827796_+,chr10,21827796,+,"A:13,C:0,G:57,T:0,_A:7,C:0,G:32,T:0,",G,A,0.00529823134708792,0.0464770756129849
chr10:21827762:21827841:+,HepG2,PPIG,ASB,10.1,chr10,21827762,21827841,+,1,PPIG,chr10_21827796_+,chr10,21827796,+,"A:13,C:0,G:57,T:0,_A:7,C:0,G:32,T:0,",G,A,0.00529823134708792,0.0464770756129849
chr10:54074683:54074845:+,HepG2,PPIG,ASB,21.5,chr10,54074683,54074845,+,1,PPIG,chr10_54074757_+,chr10,54074757,+,"A:6,C:0,G:29,T:0,_A:8,C:0,G:19,T:0,",G,A,0.00958274821042337,0.0603771042919201
chr15:25317872:25318010:+,HepG2,PPIG,ASB,3.9,chr15,25317872,25318010,+,1,PPIG,chr15_25317988_+,chr15,25317988,+,"A:21,C:0,G:0,T:0,_A:15,C:0,G:0,T:0,",A,G,0.000237359960512496,0.0101723525810607
chr16:1820882:1820994:-,HepG2,PPIG,ASB,14.2,chr16,1820882,1820994,-,1,PPIG,chr16_1820992_-,chr16,1820992,-,"A:2,C:0,G:0,T:11,_A:2,C:0,G:0,T:10,",T,A,0.00040628318115529,0.0137196917044673
chr16:1820882:1820994:-,HepG2,PPIG,ASB,14.2,chr16,1820882,1820994,-,1,PPIG,chr16_1820992_-,chr16,1820992,-,"A:2,C:0,G:0,T:11,_A:2,C:0,G:0,T:10,",T,A,0.00040628318115529,0.0137196917044673
chr16:8999044:8999188:-,HepG2,PPIG,ASB,5.5,chr16,8999044,8999188,-,1,PPIG,chr16_8999138_-,chr16,8999138,-,"A:0,C:9,G:0,T:18,_A:0,C:1,G:0,T:9,",T,C,0.0120298217569771,0.0666859483338182
chr17:21203857:21203970:+,HepG2,PPIG,ASB,2.8,chr17,21203857,21203970,+,1,PPIG,chr17_21203893_+,chr17,21203893,+,"A:0,C:0,G:0,T:15,_A:0,C:0,G:0,T:15,",T,C,0.000339010517608558,0.0124015073409814
chr17:21203857:21203970:+,HepG2,PPIG,ASB,2.8,chr17,21203857,21203970,+,1,PPIG,chr17_21203907_+,chr17,21203907,+,"A:0,C:0,G:1,T:14,_A:0,C:0,G:0,T:14,",T,C,0.000429907819040415,0.0141552966524495
chr17:21203857:21203970:+,HepG2,PPIG,ASB,2.8,chr17,21203857,21203970,+,1,PPIG,chr17_21203934_+,chr17,21203934,+,"A:0,C:0,G:17,T:0,_A:0,C:0,G:19,T:0,",G,A,0.000229397264341288,0.00998461763717403
chr17:21203857:21203970:+,HepG2,PPIG,ASB,2.8,chr17,21203857,21203970,+,1,PPIG,chr17_21203941_+,chr17,21203941,+,"A:0,C:0,G:15,T:0,_A:0,C:0,G:24,T:0,",G,A,0.000206678993135722,0.0094371267964337
chr17:21203857:21203970:+,HepG2,PPIG,ASB,2.8,chr17,21203857,21203970,+,1,PPIG,chr17_21203949_+,chr17,21203949,+,"A:0,C:16,G:0,T:0,_A:0,C:24,G:0,T:0,",C,T,0.000205638716849862,0.00941162091888252
chr17:21207738:21207865:+,HepG2,PPIG,ASB,1.3,chr17,21207738,21207865,+,1,PPIG,chr17_21207834_+,chr17,21207834,+,"A:0,C:16,G:0,T:0,_A:0,C:24,G:0,T:0,",C,T,0.000206751308841128,0.00943889840419559
chr17:21207738:21207865:+,HepG2,PPIG,ASB,1.3,chr17,21207738,21207865,+,1,PPIG,chr17_21207835_+,chr17,21207835,+,"A:0,C:0,G:15,T:0,_A:0,C:0,G:24,T:0,",G,A,0.000208193212270131,0.00947418312021481
chr17:21207738:21207865:+,HepG2,PPIG,ASB,1.3,chr17,21207738,21207865,+,1,PPIG,chr17_21207844_+,chr17,21207844,+,"A:0,C:15,G:0,T:0,_A:0,C:28,G:0,T:0,",C,T,0.000206824658517639,0.00944069514941222
chr17:64784957:64785097:+,HepG2,PPIG,ASB,19.5,chr17,64784957,64785097,+,1,PPIG,chr17_64785022_+,chr17,64785022,+,"A:2,C:0,G:8,T:0,_A:1,C:0,G:13,T:0,",G,A,0.00653083424013599,0.0511101320557113
chr17:78354631:78354787:+,HepG2,PPIG,ASB,9.0,chr17,78354631,78354787,+,1,PPIG,chr17_78354661_+,chr17,78354661,+,"A:0,C:11,G:0,T:5,_A:0,C:12,G:0,T:1,",C,T,0.0125863960694964,0.0680528679233979
chr17:42942298:42942433:-,HepG2,PPIG,ASB,2.9,chr17,42942298,42942433,-,1,PPIG,chr17_42942392_-,chr17,42942392,-,"A:3,C:0,G:11,T:0,_A:3,C:0,G:16,T:0,",G,A,0.00622899071953722,0.0500395792899634
chr17:21202190:21202238:+,HepG2,PRPF8,ASB,-2.8,chr17,21202190,21202238,+,1,PRPF8,chr17_21202237_+,chr17,21202237,+,"A:0,C:0,G:8,T:0,_A:0,C:0,G:17,T:0,",G,C,0.0153771716572905,0.0746922774972704
chr17:21203857:21203970:+,HepG2,PRPF8,ASB,-2.1,chr17,21203857,21203970,+,1,PRPF8,chr17_21203941_+,chr17,21203941,+,"A:0,C:0,G:15,T:0,_A:0,C:0,G:6,T:0,",G,A,0.0194170760418166,0.0838786665137122
chr17:21203857:21203970:+,HepG2,PRPF8,ASB,-2.1,chr17,21203857,21203970,+,1,PRPF8,chr17_21203949_+,chr17,21203949,+,"A:0,C:14,G:0,T:0,_A:0,C:6,G:0,T:1,",C,T,0.0245134654741294,0.0947788047160377
chr17:21216804:21216849:+,HepG2,PRPF8,ASB,0.0,chr17,21216804,21216849,+,1,PRPF8,chr17_21216846_+,chr17,21216846,+,"A:0,C:0,G:14,T:0,_A:0,C:0,G:39,T:0,",G,C,0.0129703203744493,0.0689857543682928
chr12:57106570:57106692:-,HepG2,PTBP1,ASB,-7.6,chr12,57106570,57106692,-,1,PTBP1,chr12_57106660_-,chr12,57106660,-,"A:10,C:0,G:0,T:0,_A:11,C:0,G:0,T:0,",A,T,0.0027288394146673,0.0339163815953787
chr16:88724323:88724437:-,HepG2,PTBP1,ASB,-0.4,chr16,88724323,88724437,-,1,PTBP1,chr16_88724347_-,chr16,88724347,-,"A:0,C:0,G:15,T:4,_A:0,C:0,G:21,T:6,",G,T,0.0188785224476274,0.0826805289384722
chr17:204528:205260:+,HepG2,QKI,ctrl,5.4,chr17,204528,205260,+,1,QKI,chr17_205055_+,chr17,205055,+,"A:15,C:0,G:0,T:0,_A:7,C:0,G:0,T:1,",A,T,0.0131712539529448,0.0694711066589942
chr19:57321451:57328947:-,HepG2,QKI,ctrl,-1.1,chr19,57321451,57328947,-,1,QKI,chr19_57323607_-,chr19,57323607,-,"A:66,C:0,G:0,T:0,_A:9,C:0,G:0,T:0,",A,G,0.00246888347122858,0.0323687372227949
chr2:128180610:128180984:+,HepG2,SF3A3,ASB,-2.2,chr2,128180610,128180984,+,2,SF3A3,chr2_128180872_+,chr2,128180872,+,"A:0,C:0,G:0,T:10,_A:0,C:0,G:3,T:7,",T,G,0.0177015987190664,0.0800328665933017
chr2:128180850:128180984:+,HepG2,SF3A3,ASB,-4.4,chr2,128180850,128180984,+,2,SF3A3,chr2_128180872_+,chr2,128180872,+,"A:0,C:0,G:0,T:10,_A:0,C:0,G:3,T:7,",T,G,0.0177015987190664,0.0800328665933017
chr2:128180850:128180984:+,HepG2,SF3A3,ASB,-4.4,chr2,128180850,128180984,+,2,SF3A3,chr2_128180872_+,chr2,128180872,+,"A:0,C:0,G:0,T:10,_A:0,C:0,G:3,T:7,",T,G,0.0177015987190664,0.0800328665933017
chr2:128180610:128180984:+,HepG2,SF3A3,ASB,-2.2,chr2,128180610,128180984,+,2,SF3A3,chr2_128180872_+,chr2,128180872,+,"A:0,C:0,G:0,T:10,_A:0,C:0,G:3,T:7,",T,G,0.0177015987190664,0.0800328665933017
chr2:220145300:220146493:+,HepG2,SF3B4,ASB,0.1,chr2,220145300,220146493,+,1,SF3B4,chr2_220146402_+,chr2,220146402,+,"A:0,C:32,G:0,T:7,_A:0,C:19,G:0,T:7,",C,T,0.0189773823713409,0.0829011047093912
chr3:53891643:53892845:+,HepG2,SF3B4,ASB,-2.7,chr3,53891643,53892845,+,1,SF3B4,chr3_53892553_+,chr3,53892553,+,"A:0,C:19,G:0,T:11,_A:0,C:27,G:0,T:4,",C,T,0.0205372774905789,0.0863432542094858
chr2:216269112:216269378:-,HepG2,SND1,ASB,-0.2,chr2,216269112,216269378,-,1,SND1,chr2_216269209_-,chr2,216269209,-,"A:0,C:1,G:379,T:994,_A:0,C:0,G:252,T:692,",T,G,0.0186128679216416,0.0820863877932954
chr2:216269112:216269378:-,HepG2,SND1,ASB,-0.2,chr2,216269112,216269378,-,1,SND1,chr2_216269209_-,chr2,216269209,-,"A:0,C:1,G:379,T:994,_A:0,C:0,G:252,T:692,",T,G,0.0186128679216416,0.0820863877932954
chr2:216269112:216269378:-,HepG2,SND1,ASB,-0.2,chr2,216269112,216269378,-,1,SND1,chr2_216269254_-,chr2,216269254,-,"A:5,C:2,G:538,T:1506,_A:3,C:0,G:343,T:1361,",T,G,0.0105219617151572,0.0628698636946428
chr2:216269112:216269378:-,HepG2,SND1,ASB,-0.2,chr2,216269112,216269378,-,1,SND1,chr2_216269254_-,chr2,216269254,-,"A:5,C:2,G:538,T:1506,_A:3,C:0,G:343,T:1361,",T,G,0.0105219617151572,0.0628698636946428
chr2:216272831:216272920:-,HepG2,SND1,ASB,-0.3,chr2,216272831,216272920,-,1,SND1,chr2_216272907_-,chr2,216272907,-,"A:596,C:1,G:6,T:993,_A:500,C:1,G:6,T:953,",T,A,0.0256371958589639,0.097068099428967
chr2:216272831:216272920:-,HepG2,SND1,ASB,-0.3,chr2,216272831,216272920,-,1,SND1,chr2_216272907_-,chr2,216272907,-,"A:596,C:1,G:6,T:993,_A:500,C:1,G:6,T:953,",T,A,0.0256371958589639,0.097068099428967
chr16:74537429:74537644:-,HepG2,SND1,ASB,4.6,chr16,74537429,74537644,-,1,SND1,chr16_74537591_-,chr16,74537591,-,"A:0,C:39,G:0,T:8,_A:0,C:34,G:0,T:4,",C,T,0.0223240190879025,0.0901961770091736
chr16:74537429:74537644:-,HepG2,SND1,ASB,4.6,chr16,74537429,74537644,-,1,SND1,chr16_74537591_-,chr16,74537591,-,"A:0,C:39,G:0,T:8,_A:0,C:34,G:0,T:4,",C,T,0.0223240190879025,0.0901961770091736
chr20:61468435:61468617:+,HepG2,SND1,ASB,20.5,chr20,61468435,61468617,+,1,SND1,chr20_61468571_+,chr20,61468571,+,"A:0,C:55,G:0,T:2,_A:0,C:117,G:0,T:0,",C,T,0.00265394428062524,0.03347660204248
chr2:42515367:42515462:+,HepG2,SRSF1,ASB,0.1,chr2,42515367,42515462,+,1,SRSF1,chr2_42515437_+,chr2,42515437,+,"A:19,C:0,G:51,T:0,_A:5,C:0,G:22,T:0,",G,A,0.0129587576147838,0.0689577664859632
chr2:102472439:102472600:+,HepG2,SRSF1,ASB,-13.4,chr2,102472439,102472600,+,1,SRSF1,chr2_102472459_+,chr2,102472459,+,"A:29,C:0,G:15,T:0,_A:41,C:1,G:18,T:0,",A,G,0.00712884865127656,0.0531287555978537
chr2:233684537:233684695:+,HepG2,SRSF1,ASB,5.5,chr2,233684537,233684695,+,1,SRSF1,chr2_233684603_+,chr2,233684603,+,"A:19,C:0,G:7,T:0,_A:30,C:1,G:7,T:0,",A,G,0.00394137292180623,0.0404149080450678
chr2:207008742:207008856:-,HepG2,SRSF1,ASB,0.5,chr2,207008742,207008856,-,1,SRSF1,chr2_207008763_-,chr2,207008763,-,"A:4,C:12,G:0,T:0,_A:1,C:17,G:0,T:0,",C,A,0.00523041880657525,0.0462003770716292
chr9:117044737:117044844:+,HepG2,SRSF1,ASB,-14.3,chr9,117044737,117044844,+,1,SRSF1,chr9_117044751_+,chr9,117044751,+,"A:0,C:104,G:0,T:57,_A:1,C:86,G:0,T:54,",C,T,0.0118772281972893,0.0663078211512905
chr9:117044737:117044844:+,HepG2,SRSF1,ASB,-14.3,chr9,117044737,117044844,+,1,SRSF1,chr9_117044751_+,chr9,117044751,+,"A:0,C:104,G:0,T:57,_A:1,C:86,G:0,T:54,",C,T,0.0118772281972893,0.0663078211512905
chr9:136633564:136633718:-,HepG2,SRSF1,ASB,10.3,chr9,136633564,136633718,-,1,SRSF1,chr9_136633606_-,chr9,136633606,-,"A:4,C:0,G:25,T:0,_A:3,C:0,G:17,T:0,",G,A,0.00294324212520649,0.0351489075478963
chr10:21827762:21827841:+,HepG2,SRSF1,ASB,0.0,chr10,21827762,21827841,+,1,SRSF1,chr10_21827796_+,chr10,21827796,+,"A:6,C:0,G:23,T:0,_A:3,C:0,G:23,T:1,",G,A,0.00514404339529303,0.0458442819670059
chr10:21827762:21827841:+,HepG2,SRSF1,ASB,0.0,chr10,21827762,21827841,+,1,SRSF1,chr10_21827796_+,chr10,21827796,+,"A:6,C:0,G:23,T:0,_A:3,C:0,G:23,T:1,",G,A,0.00514404339529303,0.0458442819670059
chr10:54074683:54074845:+,HepG2,SRSF1,ASB,1.0,chr10,54074683,54074845,+,1,SRSF1,chr10_54074757_+,chr10,54074757,+,"A:2,C:0,G:7,T:0,_A:2,C:0,G:11,T:0,",G,A,0.0231206471704316,0.0918818508264877
chr11:71943919:71944018:+,HepG2,SRSF1,ASB,-10.3,chr11,71943919,71944018,+,1,SRSF1,chr11_71943961_+,chr11,71943961,+,"A:2,C:9,G:0,T:0,_A:1,C:9,G:0,T:0,",C,A,0.0165007463723188,0.077291550536697
chr16:90097707:90097904:+,HepG2,SRSF1,ASB,-16.8,chr16,90097707,90097904,+,2,SRSF1,chr16_90097748_+,chr16,90097748,+,"A:0,C:18,G:0,T:4,_A:0,C:24,G:0,T:4,",C,T,0.00329418890727468,0.0370856901709945
chr16:90097584:90097904:+,HepG2,SRSF1,ASB,-17.0,chr16,90097584,90097904,+,2,SRSF1,chr16_90097748_+,chr16,90097748,+,"A:0,C:18,G:0,T:4,_A:0,C:24,G:0,T:4,",C,T,0.00329418890727468,0.0370856901709945
chr16:88724323:88724437:-,HepG2,SRSF1,ASB,-36.3,chr16,88724323,88724437,-,1,SRSF1,chr16_88724347_-,chr16,88724347,-,"A:1,C:0,G:28,T:8,_A:1,C:0,G:43,T:14,",G,T,0.00685541005341223,0.0522216120485599
chr17:21207738:21207865:+,HepG2,SRSF1,ASB,-10.3,chr17,21207738,21207865,+,1,SRSF1,chr17_21207834_+,chr17,21207834,+,"A:0,C:18,G:0,T:1,_A:0,C:12,G:0,T:0,",C,T,0.00145526538008746,0.0255614339321122
chr17:21207738:21207865:+,HepG2,SRSF1,ASB,-10.3,chr17,21207738,21207865,+,1,SRSF1,chr17_21207835_+,chr17,21207835,+,"A:0,C:0,G:19,T:0,_A:0,C:0,G:14,T:0,",G,A,0.000750077809972472,0.0189264500788935
chr17:21207738:21207865:+,HepG2,SRSF1,ASB,-10.3,chr17,21207738,21207865,+,1,SRSF1,chr17_21207844_+,chr17,21207844,+,"A:0,C:19,G:0,T:0,_A:0,C:18,G:0,T:0,",C,T,0.000489803343870675,0.015200018049322
chr17:64784957:64785097:+,HepG2,SRSF1,ASB,13.7,chr17,64784957,64785097,+,1,SRSF1,chr17_64785022_+,chr17,64785022,+,"A:1,C:0,G:10,T:0,_A:1,C:0,G:9,T:0,",G,A,0.00925308928353697,0.059473972783114
chr17:42942298:42942433:-,HepG2,SRSF1,ASB,-8.3,chr17,42942298,42942433,-,1,SRSF1,chr17_42942392_-,chr17,42942392,-,"A:6,C:0,G:8,T:0,_A:3,C:0,G:18,T:0,",G,A,0.0260593007705042,0.097916754243553
chr20:61468435:61468617:+,HepG2,SRSF1,ASB,-25.5,chr20,61468435,61468617,+,1,SRSF1,chr20_61468571_+,chr20,61468571,+,"A:0,C:87,G:0,T:9,_A:0,C:57,G:0,T:11,",C,T,0.000182725252631132,0.00883964235744678
chr12:57106570:57106692:-,HepG2,SRSF5,ASB,3.3,chr12,57106570,57106692,-,1,SRSF5,chr12_57106660_-,chr12,57106660,-,"A:19,C:0,G:0,T:3,_A:15,C:0,G:0,T:4,",A,T,0.0117660291089724,0.0660312757523999
chr2:128180610:128180984:+,HepG2,SUPV3L1,ASB,11.4,chr2,128180610,128180984,+,2,SUPV3L1,chr2_128180872_+,chr2,128180872,+,"A:0,C:0,G:11,T:27,_A:0,C:0,G:7,T:13,",T,G,0.0168464157072614,0.0780846072493362
chr2:128180850:128180984:+,HepG2,SUPV3L1,ASB,10.8,chr2,128180850,128180984,+,2,SUPV3L1,chr2_128180872_+,chr2,128180872,+,"A:0,C:0,G:11,T:27,_A:0,C:0,G:7,T:13,",T,G,0.0168464157072614,0.0780846072493362
chr2:128180850:128180984:+,HepG2,SUPV3L1,ASB,10.8,chr2,128180850,128180984,+,2,SUPV3L1,chr2_128180872_+,chr2,128180872,+,"A:0,C:0,G:11,T:27,_A:0,C:0,G:7,T:13,",T,G,0.0168464157072614,0.0780846072493362
chr2:128180610:128180984:+,HepG2,SUPV3L1,ASB,11.4,chr2,128180610,128180984,+,2,SUPV3L1,chr2_128180872_+,chr2,128180872,+,"A:0,C:0,G:11,T:27,_A:0,C:0,G:7,T:13,",T,G,0.0168464157072614,0.0780846072493362
chr14:39819302:39819849:+,HepG2,TIA1,ctrl,-8.5,chr14,39819302,39819849,+,5,TIA1,chr14_39819734_+,chr14,39819734,+,"A:0,C:0,G:1,T:19,_A:0,C:0,G:3,T:24,",T,G,0.0137533277795552,0.0708668872353997
chr14:39819302:39819849:+,K562,TIA1,ctrl,-1.7,chr14,39819302,39819849,+,5,TIA1,chr14_39819734_+,chr14,39819734,+,"A:0,C:0,G:1,T:19,_A:0,C:0,G:3,T:24,",T,G,0.0137533277795552,0.0708668872353997
chr14:39819302:39819894:+,HepG2,TIA1,ctrl,-8.8,chr14,39819302,39819894,+,5,TIA1,chr14_39819734_+,chr14,39819734,+,"A:0,C:0,G:1,T:19,_A:0,C:0,G:3,T:24,",T,G,0.0137533277795552,0.0708668872353997
chr14:39819302:39819894:+,K562,TIA1,ctrl,-1.8,chr14,39819302,39819894,+,5,TIA1,chr14_39819734_+,chr14,39819734,+,"A:0,C:0,G:1,T:19,_A:0,C:0,G:3,T:24,",T,G,0.0137533277795552,0.0708668872353997
chr14:39819302:39819898:+,HepG2,TIA1,ctrl,-9.0,chr14,39819302,39819898,+,5,TIA1,chr14_39819734_+,chr14,39819734,+,"A:0,C:0,G:1,T:19,_A:0,C:0,G:3,T:24,",T,G,0.0137533277795552,0.0708668872353997
chr14:39819302:39819898:+,K562,TIA1,ctrl,-1.7,chr14,39819302,39819898,+,5,TIA1,chr14_39819734_+,chr14,39819734,+,"A:0,C:0,G:1,T:19,_A:0,C:0,G:3,T:24,",T,G,0.0137533277795552,0.0708668872353997
chr14:39819302:39820397:+,HepG2,TIA1,ctrl,-11.7,chr14,39819302,39820397,+,5,TIA1,chr14_39819734_+,chr14,39819734,+,"A:0,C:0,G:1,T:19,_A:0,C:0,G:3,T:24,",T,G,0.0137533277795552,0.0708668872353997
chr14:39819302:39820397:+,K562,TIA1,ctrl,-2.4,chr14,39819302,39820397,+,5,TIA1,chr14_39819734_+,chr14,39819734,+,"A:0,C:0,G:1,T:19,_A:0,C:0,G:3,T:24,",T,G,0.0137533277795552,0.0708668872353997
chr14:39819302:39820599:+,HepG2,TIA1,ctrl,-12.4,chr14,39819302,39820599,+,5,TIA1,chr14_39819734_+,chr14,39819734,+,"A:0,C:0,G:1,T:19,_A:0,C:0,G:3,T:24,",T,G,0.0137533277795552,0.0708668872353997
chr14:39819302:39820599:+,K562,TIA1,ctrl,-2.5,chr14,39819302,39820599,+,5,TIA1,chr14_39819734_+,chr14,39819734,+,"A:0,C:0,G:1,T:19,_A:0,C:0,G:3,T:24,",T,G,0.0137533277795552,0.0708668872353997
chr19:57321451:57328947:-,HepG2,TIA1,ctrl,1.0,chr19,57321451,57328947,-,1,TIA1,chr19_57323607_-,chr19,57323607,-,"A:18,C:0,G:0,T:0,_A:62,C:0,G:0,T:0,",A,G,0.00563277970442614,0.0478065562003137
chr2:102472439:102472600:+,HepG2,TRA2A,ASB,-0.2,chr2,102472439,102472600,+,1,TRA2A,chr2_102472459_+,chr2,102472459,+,"A:17,C:0,G:4,T:0,_A:21,C:0,G:6,T:0,",A,G,0.0109687377238575,0.0640209165600586
chr19:57321451:57328947:-,HepG2,TRA2A,ctrl,-1.0,chr19,57321451,57328947,-,3,TRA2A,chr19_57325083_-,chr19,57325083,-,"A:0,C:0,G:0,T:5,_A:0,C:0,G:0,T:23,",T,C,0.0021650608922061,0.0304775593145171
chr19:57324516:57328947:-,HepG2,TRA2A,ctrl,-3.6,chr19,57324516,57328947,-,3,TRA2A,chr19_57325083_-,chr19,57325083,-,"A:0,C:0,G:0,T:5,_A:0,C:0,G:0,T:23,",T,C,0.0021650608922061,0.0304775593145171
chr19:57325043:57328947:-,HepG2,TRA2A,ctrl,-4.4,chr19,57325043,57328947,-,3,TRA2A,chr19_57325083_-,chr19,57325083,-,"A:0,C:0,G:0,T:5,_A:0,C:0,G:0,T:23,",T,C,0.0021650608922061,0.0304775593145171
chr5:38959297:38959423:-,HepG2,U2AF2,ASB,3.3,chr5,38959297,38959423,-,1,U2AF2,chr5_38959420_-,chr5,38959420,-,"A:5,C:0,G:19,T:0,_A:3,C:0,G:7,T:0,",G,A,0.0208266362215544,0.0869737839154553
chr6:117860418:117860542:+,HepG2,U2AF2,ASB,-3.2,chr6,117860418,117860542,+,1,U2AF2,chr6_117860431_+,chr6,117860431,+,"A:19,C:0,G:0,T:0,_A:5,C:0,G:0,T:0,",A,C,0.00107736168009467,0.0223973132373805
chr6:168348973:168349158:+,HepG2,U2AF2,ASB,4.6,chr6,168348973,168349158,+,1,U2AF2,chr6_168349011_+,chr6,168349011,+,"A:0,C:25,G:0,T:13,_A:0,C:19,G:0,T:5,",C,T,0.0241153268470927,0.0939573514970394
chr9:14747262:14747426:-,HepG2,U2AF2,ASB,18.6,chr9,14747262,14747426,-,1,U2AF2,chr9_14747412_-,chr9,14747412,-,"A:34,C:0,G:15,T:0,_A:10,C:0,G:1,T:0,",A,G,0.0244294911249848,0.0946059933153212
chr12:26810944:26811063:-,HepG2,U2AF2,ASB,-1.8,chr12,26810944,26811063,-,1,U2AF2,chr12_26811045_-,chr12,26811045,-,"A:0,C:34,G:0,T:60,_A:0,C:6,G:0,T:26,",T,C,0.0260154404666416,0.0978288601901034
chr15:25219458:25219603:+,HepG2,U2AF2,ASB,8.6,chr15,25219458,25219603,+,2,U2AF2,chr15_25219512_+,chr15,25219512,+,"A:0,C:44,G:0,T:0,_A:0,C:25,G:0,T:0,",C,T,8.51365865768365e-05,0.00606552601112755
chr15:25219435:25219603:+,HepG2,U2AF2,ASB,7.8,chr15,25219435,25219603,+,2,U2AF2,chr15_25219512_+,chr15,25219512,+,"A:0,C:44,G:0,T:0,_A:0,C:25,G:0,T:0,",C,T,8.51365865768365e-05,0.00606552601112755
chr15:25219458:25219603:+,HepG2,U2AF2,ASB,8.6,chr15,25219458,25219603,+,2,U2AF2,chr15_25219512_+,chr15,25219512,+,"A:0,C:44,G:0,T:0,_A:0,C:25,G:0,T:0,",C,T,8.51365865768365e-05,0.00606552601112755
chr17:78354631:78354787:+,HepG2,U2AF2,ASB,2.9,chr17,78354631,78354787,+,1,U2AF2,chr17_78354661_+,chr17,78354661,+,"A:0,C:15,G:0,T:5,_A:0,C:27,G:0,T:9,",C,T,0.00661071982122566,0.0513873640046656
chr1:145109524:145109684:+,K562,UCHL5,ASB,13.9,chr1,145109524,145109684,+,1,UCHL5,chr1_145109583_+,chr1,145109583,+,"A:16,C:0,G:0,T:0,_A:10,C:0,G:0,T:0,",A,C,0.00111787145911876,0.0227685455179592
chr1:145109524:145109684:+,HepG2,UCHL5,ASB,12.5,chr1,145109524,145109684,+,1,UCHL5,chr1_145109583_+,chr1,145109583,+,"A:16,C:0,G:0,T:0,_A:10,C:0,G:0,T:0,",A,C,0.00111787145911876,0.0227685455179592
chr1:145109524:145109684:+,K562,UCHL5,ASB,13.9,chr1,145109524,145109684,+,1,UCHL5,chr1_145109661_+,chr1,145109661,+,"A:0,C:0,G:23,T:0,_A:0,C:0,G:26,T:0,",G,A,7.89887955075228e-05,0.00585163371905358
chr1:145109524:145109684:+,HepG2,UCHL5,ASB,12.5,chr1,145109524,145109684,+,1,UCHL5,chr1_145109661_+,chr1,145109661,+,"A:0,C:0,G:23,T:0,_A:0,C:0,G:26,T:0,",G,A,7.89887955075228e-05,0.00585163371905358
chr1:145112373:145112519:+,K562,UCHL5,ASB,10.7,chr1,145112373,145112519,+,1,UCHL5,chr1_145112485_+,chr1,145112485,+,"A:0,C:0,G:0,T:28,_A:0,C:0,G:0,T:23,",T,C,7.82290786605915e-05,0.00582450686716384
chr1:145112373:145112519:+,HepG2,UCHL5,ASB,5.6,chr1,145112373,145112519,+,1,UCHL5,chr1_145112485_+,chr1,145112485,+,"A:0,C:0,G:0,T:28,_A:0,C:0,G:0,T:23,",T,C,7.82290786605915e-05,0.00582450686716384
chr1:236979749:236979843:+,HepG2,UCHL5,ASB,2.7,chr1,236979749,236979843,+,1,UCHL5,chr1_236979843_+,chr1,236979843,+,"A:3,C:0,G:22,T:0,_A:0,C:0,G:18,T:0,",G,A,0.00047782558145051,0.014997707601664
chr2:207008742:207008856:-,HepG2,UCHL5,ASB,-1.2,chr2,207008742,207008856,-,1,UCHL5,chr2_207008763_-,chr2,207008763,-,"A:4,C:25,G:0,T:0,_A:7,C:16,G:0,T:0,",C,A,0.0126722611097437,0.0682621712158763
chr6:168348973:168349158:+,HepG2,UCHL5,ASB,-8.9,chr6,168348973,168349158,+,1,UCHL5,chr6_168349011_+,chr6,168349011,+,"A:0,C:59,G:0,T:13,_A:0,C:19,G:0,T:3,",C,T,0.000988020664786923,0.0215409008089438
chr6:170033043:170033164:-,HepG2,UCHL5,ASB,12.9,chr6,170033043,170033164,-,1,UCHL5,chr6_170033133_-,chr6,170033133,-,"A:0,C:3,G:12,T:0,_A:0,C:5,G:16,T:0,",G,C,0.0156762486711873,0.0753875085664825
chr9:117044737:117044844:+,HepG2,UCHL5,ASB,16.8,chr9,117044737,117044844,+,1,UCHL5,chr9_117044751_+,chr9,117044751,+,"A:0,C:64,G:0,T:62,_A:0,C:72,G:0,T:48,",C,T,0.0143094243977567,0.0721874252094689
chr9:117044737:117044844:+,HepG2,UCHL5,ASB,16.8,chr9,117044737,117044844,+,1,UCHL5,chr9_117044751_+,chr9,117044751,+,"A:0,C:64,G:0,T:62,_A:0,C:72,G:0,T:48,",C,T,0.0143094243977567,0.0721874252094689
chr10:21827762:21827841:+,HepG2,UCHL5,ASB,0.0,chr10,21827762,21827841,+,1,UCHL5,chr10_21827796_+,chr10,21827796,+,"A:10,C:0,G:42,T:0,_A:4,C:0,G:33,T:0,",G,A,0.000962434387018106,0.0212848999974932
chr10:21827762:21827841:+,HepG2,UCHL5,ASB,0.0,chr10,21827762,21827841,+,1,UCHL5,chr10_21827796_+,chr10,21827796,+,"A:10,C:0,G:42,T:0,_A:4,C:0,G:33,T:0,",G,A,0.000962434387018106,0.0212848999974932
chr10:54074683:54074845:+,HepG2,UCHL5,ASB,23.9,chr10,54074683,54074845,+,1,UCHL5,chr10_54074757_+,chr10,54074757,+,"A:5,C:0,G:8,T:0,_A:11,C:0,G:36,T:0,",G,A,0.00940961993413228,0.0599048563107398
chr15:25317872:25318010:+,HepG2,UCHL5,ASB,-11.1,chr15,25317872,25318010,+,1,UCHL5,chr15_25317988_+,chr15,25317988,+,"A:17,C:0,G:0,T:0,_A:20,C:0,G:0,T:0,",A,G,0.00023791230529101,0.0101852978825564
chr16:88724323:88724437:-,HepG2,UCHL5,ASB,0.4,chr16,88724323,88724437,-,1,UCHL5,chr16_88724347_-,chr16,88724347,-,"A:0,C:0,G:63,T:34,_A:0,C:0,G:74,T:20,",G,T,0.00886477725961302,0.0583876754476464
chr19:57321451:57328947:-,HepG2,UCHL5,ctrl,6.7,chr19,57321451,57328947,-,3,UCHL5,chr19_57325083_-,chr19,57325083,-,"A:0,C:0,G:0,T:320,_A:0,C:0,G:0,T:144,",T,C,8.33224151924067e-05,0.00600339220450602
chr19:57324516:57328947:-,HepG2,UCHL5,ctrl,3.6,chr19,57324516,57328947,-,3,UCHL5,chr19_57325083_-,chr19,57325083,-,"A:0,C:0,G:0,T:320,_A:0,C:0,G:0,T:144,",T,C,8.33224151924067e-05,0.00600339220450602
chr19:57325043:57328947:-,HepG2,UCHL5,ctrl,2.9,chr19,57325043,57328947,-,3,UCHL5,chr19_57325083_-,chr19,57325083,-,"A:0,C:0,G:0,T:320,_A:0,C:0,G:0,T:144,",T,C,8.33224151924067e-05,0.00600339220450602
chr11:2150342:2154453:-,HepG2,UPF1,ctrl,-0.3,chr11,2150342,2154453,-,1,UPF1,chr11_2152005_-,chr11,2152005,-,"A:950,C:0,G:0,T:0,_A:492,C:0,G:0,T:0,",A,C,0.00264943869848686,0.0334499901122106
chr11:2150342:2154453:-,K562,UPF1,ctrl,-8.6,chr11,2150342,2154453,-,1,UPF1,chr11_2152005_-,chr11,2152005,-,"A:950,C:0,G:0,T:0,_A:492,C:0,G:0,T:0,",A,C,0.00264943869848686,0.0334499901122106
chr16:15501790:15507125:+,HepG2,UPF1,ctrl,-1.7,chr16,15501790,15507125,+,1,UPF1,chr16_15502957_+,chr16,15502957,+,"A:0,C:0,G:51,T:0,_A:0,C:0,G:24,T:0,",G,T,2.86629313327474e-05,0.00327700215793294
chr16:88724323:88724437:-,HepG2,UPF1,ASB,7.6,chr16,88724323,88724437,-,1,UPF1,chr16_88724347_-,chr16,88724347,-,"A:0,C:0,G:14,T:6,_A:0,C:0,G:24,T:8,",G,T,0.0128939659746206,0.0688008168284544
chr19:57321451:57328947:-,HepG2,UPF1,ctrl,0.5,chr19,57321451,57328947,-,1,UPF1,chr19_57323275_-,chr19,57323275,-,"A:0,C:0,G:81,T:0,_A:0,C:0,G:37,T:1,",G,A,1.91620100065436e-05,0.0024116370354791
chr19:57321451:57328947:-,HepG2,UPF1,ctrl,0.5,chr19,57321451,57328947,-,1,UPF1,chr19_57323607_-,chr19,57323607,-,"A:75,C:0,G:1,T:0,_A:52,C:0,G:1,T:0,",A,G,3.06971989990298e-05,0.00343875560908021
chr2:216272831:216272920:-,HepG2,YBX3,ASB,0.5,chr2,216272831,216272920,-,1,YBX3,chr2_216272907_-,chr2,216272907,-,"A:429,C:1,G:0,T:716,_A:1177,C:3,G:7,T:2021,",T,A,0.0230876948130267,0.091812531658296
chr2:216272831:216272920:-,HepG2,YBX3,ASB,0.5,chr2,216272831,216272920,-,1,YBX3,chr2_216272907_-,chr2,216272907,-,"A:429,C:1,G:0,T:716,_A:1177,C:3,G:7,T:2021,",T,A,0.0230876948130267,0.091812531658296
chr11:2150342:2154453:-,HepG2,YBX3,ctrl,0.1,chr11,2150342,2154453,-,1,YBX3,chr11_2152005_-,chr11,2152005,-,"A:2574,C:0,G:1,T:0,_A:4715,C:0,G:2,T:0,",A,C,4.32078915978328e-05,0.00427659842825584
chr17:21207738:21207865:+,HepG2,YBX3,ASB,3.4,chr17,21207738,21207865,+,1,YBX3,chr17_21207834_+,chr17,21207834,+,"A:0,C:26,G:0,T:0,_A:0,C:16,G:0,T:0,",C,T,5.89695897531488e-05,0.00506604704120079
chr17:21207738:21207865:+,HepG2,YBX3,ASB,3.4,chr17,21207738,21207865,+,1,YBX3,chr17_21207835_+,chr17,21207835,+,"A:0,C:0,G:25,T:0,_A:0,C:0,G:17,T:0,",G,A,6.03840251443198e-05,0.00512763867977219
chr20:3545995:3546079:+,HepG2,YBX3,ASB,0.0,chr20,3545995,3546079,+,1,YBX3,chr20_3546058_+,chr20,3546058,+,"A:43,C:0,G:18,T:0,_A:59,C:0,G:14,T:0,",A,G,0.00452231819708499,0.0431527787005946
chr3:195395390:195395512:+,HepG2,BCLAF1,ASB,0.0,chr3,195395390,195395512,+,1,BCLAF1,chr3_195395399_+,chr3,195395399,+,"A:21,C:0,G:5,T:0,_A:31,C:0,G:9,T:0,",A,G,0.000986039434797368,0.0328593278079078
chr16:69782821:69783021:-,HepG2,BCLAF1,ASB,-1.5,chr16,69782821,69783021,-,1,BCLAF1,chr16_69782855_-,chr16,69782855,-,"A:0,C:9,G:0,T:17,_A:0,C:11,G:0,T:24,",T,C,0.0212123180855894,0.0925246688793509
chr14:39769068:39769190:+,HepG2,BUD13,ASB,2.6,chr14,39769068,39769190,+,1,BUD13,chr14_39769143_+,chr14,39769143,+,"A:12,C:0,G:3,T:0,_A:16,C:0,G:2,T:0,",A,G,0.0145961236704374,0.0791496886032467
chr14:39769068:39769190:+,HepG2,BUD13,ASB,2.6,chr14,39769068,39769190,+,1,BUD13,chr14_39769143_+,chr14,39769143,+,"A:12,C:0,G:3,T:0,_A:16,C:0,G:2,T:0,",A,G,0.0145961236704374,0.0791496886032467
chr3:195395390:195395512:+,HepG2,GRWD1,ASB,0.0,chr3,195395390,195395512,+,1,GRWD1,chr3_195395399_+,chr3,195395399,+,"A:31,C:0,G:8,T:0,_A:15,C:0,G:2,T:0,",A,G,0.00202023724775543,0.042203310586334
chr6:158733520:158735300:+,HepG2,HLTF,ctrl,-3.6,chr6,158733520,158735300,+,2,HLTF,chr6_158735087_+,chr6,158735087,+,"A:0,C:4,G:0,T:9,_A:0,C:11,G:0,T:22,",T,C,0.0239742792473328,0.0976661809354227
chr6:158733520:158735300:+,K562,HLTF,ctrl,7.2,chr6,158733520,158735300,+,2,HLTF,chr6_158735087_+,chr6,158735087,+,"A:0,C:4,G:0,T:9,_A:0,C:11,G:0,T:22,",T,C,0.0239742792473328,0.0976661809354227
chr6:158733692:158735300:+,HepG2,HLTF,ctrl,-0.1,chr6,158733692,158735300,+,2,HLTF,chr6_158735087_+,chr6,158735087,+,"A:0,C:4,G:0,T:9,_A:0,C:11,G:0,T:22,",T,C,0.0239742792473328,0.0976661809354227
chr6:158733692:158735300:+,K562,HLTF,ctrl,7.7,chr6,158733692,158735300,+,2,HLTF,chr6_158735087_+,chr6,158735087,+,"A:0,C:4,G:0,T:9,_A:0,C:11,G:0,T:22,",T,C,0.0239742792473328,0.0976661809354227
chr21:46924330:46924470:+,HepG2,LSM11,ASB,-6.1,chr21,46924330,46924470,+,1,LSM11,chr21_46924434_+,chr21,46924434,+,"A:64,C:27,G:0,T:0,_A:54,C:15,G:0,T:0,",A,C,0.00941550922795785,0.0682205396415622
chr3:195395390:195395512:+,HepG2,PPIG,ASB,0.0,chr3,195395390,195395512,+,1,PPIG,chr3_195395399_+,chr3,195395399,+,"A:14,C:0,G:2,T:0,_A:12,C:0,G:2,T:0,",A,G,0.00414597037842905,0.0541820603100387
